-- phpMyAdmin SQL Dump
-- version 5.2.1
-- https://www.phpmyadmin.net/
--
-- Host: 127.0.0.1
-- Generation Time: Lis 08, 2024 at 09:12 PM
-- Wersja serwera: 10.4.32-MariaDB
-- Wersja PHP: 8.2.12

SET SQL_MODE = "NO_AUTO_VALUE_ON_ZERO";
START TRANSACTION;
SET time_zone = "+00:00";


/*!40101 SET @OLD_CHARACTER_SET_CLIENT=@@CHARACTER_SET_CLIENT */;
/*!40101 SET @OLD_CHARACTER_SET_RESULTS=@@CHARACTER_SET_RESULTS */;
/*!40101 SET @OLD_COLLATION_CONNECTION=@@COLLATION_CONNECTION */;
/*!40101 SET NAMES utf8mb4 */;

--
-- Database: `mockaroo_test_db`
--

-- --------------------------------------------------------

--
-- Struktura tabeli dla tabeli `users`
--

CREATE TABLE `users` (
  `ID` int(11) NOT NULL,
  `USERNAME` varchar(50) NOT NULL,
  `PASSWORD` varchar(255) NOT NULL,
  `EMAIL` varchar(100) NOT NULL
) ENGINE=InnoDB DEFAULT CHARSET=utf8mb4 COLLATE=utf8mb4_general_ci;

--
-- Dumping data for table `users`
--

INSERT INTO `users` (`ID`, `USERNAME`, `PASSWORD`, `EMAIL`) VALUES
(1, 'Franz', '$2a$04$dV.qlHQxUO5q0wcRHys9ROMITmb7SmSdDXOWwS/lVb6FgG1XeDecK', 'fvanleijs0@zimbio.com'),
(2, 'Ginger', '$2a$04$LHHWvUXKkxl7bInTdZoZVuiVOKmon3ZmmBCmzVwToi41W20n2WvuK', 'ghampe1@amazon.de'),
(3, 'Amalie', '$2a$04$Az5k7n/U4VJSr.GEU497CeEMOo07hWTcCX3VUma8Kw9hz3amcN.5i', 'abarthrop2@noaa.gov'),
(4, 'Manfred', '$2a$04$95QnyMsIrJU7kj50SAY4beGzv/wfs2.LpyM8TI/LERAbkH0xvkI2i', 'miannelli3@prweb.com'),
(5, 'Rolf', '$2a$04$Gw5iH2/HkZQtdT2spRq7FOQgKK1hhTP98v/DXWxwnHzzkQmxiKJ..', 'rthorley4@who.int'),
(6, 'Sara', '$2a$04$8W87FR8Jar/GK0SvDkNmkeKx4/zya0CA7YfGJs6Zv2bUEpvKxTt7a', 'sdungate5@pbs.org'),
(7, 'Giselbert', '$2a$04$7e9MCirQyYKg97CVKSJyHeAc3lZ5smO2Z8rseJU6qFgNGmbFRsMdq', 'gracine6@google.co.jp'),
(8, 'Keely', '$2a$04$E5UMVrHRG9nd8KJJGh6xd.D94SvLCJ.psNIpVu/t6elg1gDlpq7oe', 'klambert7@tinyurl.com'),
(9, 'Neron', '$2a$04$2kIQyRMBLd/RWPef4O.Iy.7Zxj3oFcEdnT.7hYB3DYg.AlVO0RDDC', 'ncaustic8@acquirethisname.com'),
(10, 'Velma', '$2a$04$ly8uQ1OBkFAjA43psgjSe.jiu/L56Vzu2.NMBh4bYIz42ZcjaImqW', 'vshipton9@vk.com'),
(11, 'Rudd', '$2a$04$1xwQQOGZa2GcwETG.xD9D.fzb5DlE5jU1pGkULo.K2EXieKrp8Tpi', 'rblayda@github.io'),
(12, 'Keenan', '$2a$04$7W2tYG1R/pApGfjOJUrVLOHf4QWQfr4JGyx0qyFSztmpVXjYyAtMO', 'kmacshaneb@phoca.cz'),
(13, 'Christie', '$2a$04$7otGc9U2rD5JY0ObaWimjuqdIv6oU5AB7Qy7j7aQ0bfg2lEVerWQO', 'ccopec@seattletimes.com'),
(14, 'Miles', '$2a$04$ejb.yvu2rNkwCerOV.bvuu0H6rD2gqshwAn/ViqZdLlW8E.lRXAim', 'mkeninghamd@smh.com.au'),
(15, 'Cort', '$2a$04$V.8dA.WNxIwys0cCRlfPUeFsW9jjcJFpfXK8iw9iaxaSE84KC9miq', 'cmaclavertye@shinystat.com'),
(16, 'Renata', '$2a$04$LE2WSVad4JbHKu7dy427GuBSAvmDdodUb0OGz7WxxgQLqhbmN4Dkq', 'rjergf@time.com'),
(17, 'Allie', '$2a$04$HywRJ/E73xkYDvMzA40h8uZQN3pIROHuy0TEY75U2IQlT4WlI4dyC', 'asansong@timesonline.co.uk'),
(18, 'Florenza', '$2a$04$3xemROnVoq7BaGw3KjGsoe.SWVP3yGujZ3XKFPseT.LMj57rxCHSa', 'ftrewinnardh@ucsd.edu'),
(19, 'Paulita', '$2a$04$WhICoU2iJnpXMCXtMsC5eOgthlAV4dVUOW61jTyonWICB9tMqBJUm', 'pburhilli@lycos.com'),
(20, 'Isidro', '$2a$04$WXgZBsWfpZVJB6u5nrnEZO6/PTiS6pOumZ2Y3th6H7MM0u.Z9EMQi', 'ikarolczykj@soundcloud.com'),
(21, 'Haroun', '$2a$04$BJEfLAGhKTmYqrBl1jo4cOJQxLx8Jiq48bkNeS4s7UXMtfWJzOI7m', 'hcamackek@dell.com'),
(22, 'Luke', '$2a$04$Ahju7EM8JMy49MvgVtCEQuv2jm2mlTQRoU8dIJSjioNKJYyZ0lHzO', 'lrawsthornel@fotki.com'),
(23, 'Waylin', '$2a$04$oG/BWqz.fWpk6yPEgnHykeFE8z8AiQGU.fP12o/dpURuS4UY44nh2', 'wlindbladm@ucoz.ru'),
(24, 'Lucienne', '$2a$04$4jRDoakgEzMTQ9LGNUuTy.Sb7EP1DKoZhqABjOh7REbNIJBLYxrRi', 'lsterten@wired.com'),
(25, 'Pamela', '$2a$04$NLyvyk.l5niZpYAzKkZnNeJN1X5xFum3cbwZ.JntDHu19ry8YKv/G', 'pcorletto@qq.com'),
(26, 'Joseph', '$2a$04$K166CJyCp8eMySWX5hIarekSdBBDCc1JMhQoppJ3ZQGfR8gSW7aUy', 'jleprevostp@baidu.com'),
(27, 'Alon', '$2a$04$dmlfkyu9pM/Qj.ClFuiPJ.8XYWdJdSof3CLzZPn3RZpFmWmEjRw3C', 'abraddenq@chronoengine.com'),
(28, 'Charil', '$2a$04$jQ4hT/8YQ0NCGrluL7csGubRAOYqof2XLS/APs2Z0L2twaJ07YRp.', 'cpechar@mozilla.com'),
(29, 'Andrey', '$2a$04$Bl80WEUj2plccEChl8sTCev3BPRJbEFCMohsjkrG7COwDOY7.DVKO', 'abramahs@skype.com'),
(30, 'Kitti', '$2a$04$AfgxO1Oab9.f5egfqOoAueRhOIITm33zraB65DjdsyEKPJ/BsCqIa', 'kloachet@bigcartel.com'),
(31, 'Shara', '$2a$04$U.C/DFl1hMUqX3IsH9fqiuw/2FcDRxRI63ks7xebwZUZ2ocVZcf6u', 'sswaffieldu@alibaba.com'),
(32, 'Marthena', '$2a$04$VVqFz7mjDbIyHH/.Z6/Ssep0z3qb60IOQOVRm.wQsyd6FjwZbt7w2', 'mlinehamv@nps.gov'),
(33, 'Eolanda', '$2a$04$usDR6nT1DmKYSoVIA7lFi.Vy7CxZsg7YdLCxkL.BHZuOqw.tnsseO', 'egodierw@naver.com'),
(34, 'Alfred', '$2a$04$b9lkoo5xTUCpOTDt6qt9ye1qwdegrhySJMb1e6wGh8VF7vSMubEB.', 'agothliffx@statcounter.com'),
(35, 'Gavin', '$2a$04$inn2XijGlvAeVJclcX30FOkRx/Mhi/Bo6ZCqCOQs35pu16ynqiZmm', 'gpechardy@guardian.co.uk'),
(36, 'Thom', '$2a$04$Msf3TyALv3y2QlDrUwXCQ.mj9MIuJtkOP63xhsQv/y1AOgU77Rahe', 'trickardssonz@psu.edu'),
(37, 'Linc', '$2a$04$r.8KqgeolsR8QB0H92NueOsZCnSkxlLHbQgR0nIxSCxSaKuQ4RP8m', 'lodowne10@indiatimes.com'),
(38, 'Zach', '$2a$04$7K/P52bYI2e87Z2Ckc4uHOsIyrdsnl9xutmDefUnjCK3ojNhCvPaS', 'zkiera11@sina.com.cn'),
(39, 'Marlo', '$2a$04$U.rhSwDRgbGykBysVubriOhaL1Tc2KFT719OrXltzuBDRqf9OmsXe', 'mloughman12@blogtalkradio.com'),
(40, 'Nero', '$2a$04$1CYMb57wHUp2/2A1aY8gK.ZocQCNlm19c9WCHhDmf5sKhLqkBdppu', 'nexposito13@github.com'),
(41, 'Claiborn', '$2a$04$5Dk3IAJUn.QTPKsznCWiOuwPY5oIvrTK/GWUKNcFc3ME8KXoM4/9m', 'chawkswood14@loc.gov'),
(42, 'Daloris', '$2a$04$4PwVc2dGi3yJ/oLBpgN8ZOyLLJfup8nStiyZHgbPJS4iH7PgWjnEi', 'dsnazel15@wufoo.com'),
(43, 'Hewie', '$2a$04$jbQrE2ClCpETpcQhEXUsXen514Nh568dhDqVZgUb0YmWS9dYO0m7a', 'hwhaley16@indiegogo.com'),
(44, 'Inga', '$2a$04$VMABL9HrRhpVprl60bdbYez0wrkT5Il0e2tNsrls3Ek.K.t/XeFRG', 'iwestbrook17@shareasale.com'),
(45, 'Merla', '$2a$04$soQr.edQsZ5srWQAYxzt0OhadOcuNp5L63xllNFubNvLVgEoJ/izG', 'mdulany18@tripadvisor.com'),
(46, 'Gabriel', '$2a$04$VhOj5cJYZ42omJ5A6BgcqO2V1PhigYZsTSvcgcPB1uMU7KNFd1c76', 'ghebborne19@stumbleupon.com'),
(47, 'Jock', '$2a$04$tiioRxPJW3rF6Zlm6zR2f.S5.enHzqH2FVgl2wV0FDthSG/PDoIqS', 'jraigatt1a@domainmarket.com'),
(48, 'Waldemar', '$2a$04$zZyJ6pxY40pIHnLHpjw7Du8Fm7jeeH7ajdDVlyC5hKHX/YhcrArNa', 'wsloegrave1b@columbia.edu'),
(49, 'Yul', '$2a$04$lPpMSSlEl0gQyc6FoGbdK.9tqvdce9xAwch6KGBUBx1C6oCuo3UXm', 'yjewett1c@prnewswire.com'),
(50, 'Winnifred', '$2a$04$FsgPd4JCqhgBKz/ojTUo3e7YcrY5QwKOl34QJB4Ln4JBQAilPNDye', 'wkrook1d@blogs.com'),
(51, 'Laurence', '$2a$04$G..PrOMl84IJORJH3iYjq.FOPyte0bAHd.7fWeVWZb0r9i4.DlvZy', 'lbrolly1e@chicagotribune.com'),
(52, 'Wolfy', '$2a$04$Znt/9FmJAD0wZvPGHCkTBu/rmMAp4GC88Ruq6z1U5z.Yd9NeUvCvO', 'wsimpson1f@time.com'),
(53, 'Stacie', '$2a$04$Q8zMQxflWd95Gf7JBLB2luyUH8aT1UzK.Gjhdn.NyYYIyz2eOQ0.e', 'sfennelly1g@nationalgeographic.com'),
(54, 'Flossie', '$2a$04$42DZdfihI/ITKrg76Vlx0.dNWERQu//CVirkLjGaiF2zOtypSLTwe', 'fraoux1h@quantcast.com'),
(55, 'Orren', '$2a$04$0iFwL18V5vGq7ou3nTxfwuqgMmfdQqBTqExG60120BmLDapeGKHAG', 'osanja1i@icq.com'),
(56, 'Roseanna', '$2a$04$yPLZ1qNA39npSwJvpvxbrOMJbniemRdvbvYZo3PYsHsZN4e7BQwqG', 'radamsky1j@latimes.com'),
(57, 'Sara-ann', '$2a$04$DgFp/sFkOGG04tvWOYuPW.ZlKUQwdYYDO3bH9zTunKB0B7p0m/dli', 'sbrydson1k@cnbc.com'),
(58, 'Prent', '$2a$04$YU54yxXneNv78uMafw32n.UamHDEWkV9w6L2PZEj/1J6tVrMMjel6', 'pmarxsen1l@stumbleupon.com'),
(59, 'Clareta', '$2a$04$7gKVK/XMjgCwQsxey5ObPuPO0KHoNpBH5DANSnXuZF/nh1uz4qgdu', 'cgoodlet1m@vistaprint.com'),
(60, 'Alexandre', '$2a$04$ekdoFW1DbrgK2t5/Xqnc7.9cUiPRto6rw/73.gqjGDuRF8YvEafta', 'ameharg1n@ftc.gov'),
(61, 'Bette', '$2a$04$4acWEr/442PGqOZnZGHObOp8AV1x60a4x5J8aMxcGXvTgnwIYxfrS', 'bstucke1o@discovery.com'),
(62, 'Thomas', '$2a$04$bvaO4Qzc22lVmGyL2/i90O9YZ6.BGsDWjXyZM3RvUWTfJl0jirLrG', 'tolehane1p@amazon.com'),
(63, 'Jacquie', '$2a$04$qau27nwBXlTjkh2jdKdcBOFzXBmGEkE0fRaFcw2axxpTzrwkB3YoO', 'jmager1q@yellowbook.com'),
(64, 'Caty', '$2a$04$uKMURLc7uRsASc7xka7TyecGombYFpFPgf52iYGxk6d0h6HXXec9G', 'csongist1r@360.cn'),
(65, 'Sullivan', '$2a$04$keE9xVwarMIX7o7SMi3t3ODUgkYCp5XYOgoo/zmFszIpFI4078/IG', 'struckell1s@domainmarket.com'),
(66, 'Arvy', '$2a$04$GQ/P.fKV7SoI/ggd.mNGr.5oNgwb5t3GkxfalcxrB6Zk7MtJYTLLW', 'akillby1t@360.cn'),
(67, 'Carlotta', '$2a$04$CqK7/9IhdjIhwA0q569aNuyeFnaDabS7QVrnl.bHrDRsID7/SKkpm', 'ccrassweller1u@exblog.jp'),
(68, 'Bibbie', '$2a$04$C6dUOZtEgy6zyKX4FM1S2.q1UeImaz0fIXqPS3nezd0ftx4W2SOJq', 'bschulze1v@ed.gov'),
(69, 'Carmon', '$2a$04$PW9TDkOUE.WWPpRY9ssnEuQd5N105Erh0NkjVCvuL6ZzFEhYwvSIa', 'cdymocke1w@sourceforge.net'),
(70, 'Hope', '$2a$04$1Fiw1sx/7QFrsZRh/1sXJOWBlVmEVE4PuQHr72Bsa6DBMGxT8DYgq', 'hettles1x@spotify.com'),
(71, 'Boyd', '$2a$04$IwNVkIFlRbghrONH.xwWMOSdUsxy9dwYC1KBzKv0QQIz9TJfI5Y/i', 'bpales1y@independent.co.uk'),
(72, 'Ethelyn', '$2a$04$MnVwRWiV2f/VSC7ZN0dmK.lpcqkUMNQqeTlnveKAkT0.d.CGhnYwi', 'elawlan1z@cargocollective.com'),
(73, 'Basilius', '$2a$04$8.PhrsohOouEBW65AWk8ueix4idNBoxpJ2I8CjND9aPqCnY3UF3d.', 'btoxell20@about.com'),
(74, 'Mollie', '$2a$04$Vjdt4z6bEupFGVPLwABNnu4FgNnTZTHCp596UpWW1AkXEcl/KISDu', 'mdelacourt21@theguardian.com'),
(75, 'Stepha', '$2a$04$fSdrWol8c86MIM4UN3kT5e.dCNQ3l3NTkj39IgvdembYtcLp2992u', 'sjoannidi22@hubpages.com'),
(76, 'Ketti', '$2a$04$EuxSuTMZ8MFlrXc2HeCSWulFWaBnUVQvnoMneKt.naktp.uMD/mIe', 'kgemlett23@slate.com'),
(77, 'Joye', '$2a$04$gjtDzST3Sf2cFPN.nnEfDe2/s1A6fWdPnJC2e5Qu2RaxtW9WQMO3K', 'jkillerby24@tripadvisor.com'),
(78, 'Curtice', '$2a$04$mrDC4f58yA1avjI6UmRrCOeh67lBq8IXKFfyLq6zlRJ81WESQG0Xu', 'cclaque25@ezinearticles.com'),
(79, 'Zelda', '$2a$04$x7TXvkoNlhg1RsaxYzscu.8Pr3YwRYvuoG.UrCFnr7xMMI6dLAU06', 'zfudger26@about.me'),
(80, 'Lilly', '$2a$04$k0DcXhIy1dwYKsTdWTopSODb/7GBux/2b37QBaulvDcjxIpLJKGhG', 'lblockey27@ucoz.com'),
(81, 'Alair', '$2a$04$hF3iXXr9M7s8.tKbB7sZI.IzoAxP1xnGxUtj8EIYstOVi1ztJcGHi', 'afarra28@seesaa.net'),
(82, 'Brittni', '$2a$04$/wAeXKNG.b6OEmfgZH21u.DTU777.F77wMPTheyk/f5Pgc2h07L3K', 'bbratley29@bbc.co.uk'),
(83, 'Mandie', '$2a$04$b/1yK5REFEF8JjieaB.kb.QtHlL/iAUGY1SJxltxIkhwdwSkcoJZ2', 'mmcsporon2a@fc2.com'),
(84, 'Barbey', '$2a$04$WWdIaXZIR7Eu5fiFvJsx1ObUQR5Jb75nVXwQwADK9SWS2WEg3eXcy', 'bwisby2b@cargocollective.com'),
(85, 'Emmalynn', '$2a$04$GQpeNWWK8jLnN/et71Hu4.ZjkXTrnWPn.ty/tigjg68LDgjAheAZi', 'eburnand2c@wisc.edu'),
(86, 'Samaria', '$2a$04$v5G6LBnGIl6fA9b486weneXPm4RimcGv4qp.TG.TSePFnAI871W/y', 'sbentham2d@examiner.com'),
(87, 'Glyn', '$2a$04$44mCiLT7F/n/BfHXIGBNGOy08BW5TwqaA1wt6rfuCCF6aWn3u74ay', 'gmorphet2e@google.com.hk'),
(88, 'Fabien', '$2a$04$jSn29GnL1YK3.7x6uuENsu8bWhWcL/1GoQrR4IrU3M4rg0U0Gshg6', 'fimlen2f@dell.com'),
(89, 'Chev', '$2a$04$ZcVrNtxR/nasvoyvnXUl..S8JarJuI00IiBKZOBArGTNyh1tcCC9y', 'ccheng2g@uol.com.br'),
(90, 'Ferrel', '$2a$04$emkwWIzSSz.oJD0MEu/W9OC2/ra1jbWF41rNC5gdVkS8iaeynnxbm', 'fwheatman2h@census.gov'),
(91, 'Valaria', '$2a$04$CEUFXpDVZVbj/QprR7.R1O92ZXJDdOPooQScS4.pswdLgFROBQs26', 'vbransdon2i@businessinsider.com'),
(92, 'Sutherland', '$2a$04$W5Tc433Vv7/kN2pe6eTwSu6YoFxI41BppDmRk8cSmwyrgJryCfWoe', 'sbatting2j@ibm.com'),
(93, 'Nester', '$2a$04$zglpzFg8srLkmVVFh6QnhONXFN.VPQHQSLPZtw5XXNawYFtyGiR8S', 'nrolley2k@usnews.com'),
(94, 'Sven', '$2a$04$F34QW9H1HYrcnYY.7U9j2u4kBSZkfUevvrmuS9S2Qpno5cqGCKmmO', 'snorgate2l@adobe.com'),
(95, 'Ezmeralda', '$2a$04$nd7DDSza46JWcbm55QOqWekNce0yVW2YAiK77urTshPsUy2eFii8y', 'efairy2m@topsy.com'),
(96, 'Yehudit', '$2a$04$z.fsj2YnnT.jlHBBOD5uG.0FnSe5mIYU5jt4bp99Krez1Lz2Hg5eC', 'yspringford2n@si.edu'),
(97, 'Miguelita', '$2a$04$9T4xt8R3PzJBB1N1Oeaw4eoC6YiVFmrm85yf3oK/3WGDsx4EuRwdi', 'mimore2o@hud.gov'),
(98, 'Kim', '$2a$04$fkz9ENlmjK8vRpImHCvv8eXSferWdkx4CWMwlfHLf/8Y3kdsdOqIu', 'khansemann2p@nationalgeographic.com'),
(99, 'Clarinda', '$2a$04$D1em.Dht3OwckFmlULA1zOiFwwtQ/aI9QUK/2Qd7soJBabXwrtfM6', 'cedginton2q@dedecms.com'),
(100, 'Caz', '$2a$04$6jjOQ5VP9kyjTLJ70PjSWOt9kCV3yBZVfqIB3jjSTLPb3PkREARna', 'cgasken2r@princeton.edu'),
(101, 'Berti', '$2a$04$EMtXe28G8BWMLE2UEAKJ2O3PQqlxTbglfgeqYtkiocxDd0trheH1i', 'bholworth2s@miitbeian.gov.cn'),
(102, 'Gabriele', '$2a$04$/wtDnStGnvo4hFKAvAcjrOv7dSKestHWB5XVtiF59VWzYBBlcEJDi', 'gwallbridge2t@omniture.com'),
(103, 'Mercedes', '$2a$04$KtstYfgmojPIoERAbjYFgue.CtQfE.cKqBF/Wc2yU.xVw2v0.Nhla', 'mhartegan2u@moonfruit.com'),
(104, 'Rossy', '$2a$04$TvovH0Bw6/iMWIjLXGeEYeJmIJMhgn0TPU/05eNOswmtYiqKPyk.S', 'rtewkesberry2v@opensource.org'),
(105, 'Liz', '$2a$04$cVRNjMMwgXZvlPx92yqwFuYb8DzpDynn.QEMQRrioRWHxwCsmAR3a', 'lshinefield2w@alexa.com'),
(106, 'Richmond', '$2a$04$2ymQ8nRXjMJyG3vh3IIh0OxmNNg0TGNV2M/0ccskVe8W.2uoI.2iy', 'ravrahamov2x@who.int'),
(107, 'Cedric', '$2a$04$2A/.JEJRq7gtjWLy6dmuoO2I6JeW69OI3FfvCfIbIIBnuZf1cNfzC', 'cginity2y@gmpg.org'),
(108, 'Lissi', '$2a$04$RaLsoxMipDVy0yrOv1/LTeXO/KTjq5Hc7bmE8t1aLdEwmr.FlqNSa', 'lvitler2z@arizona.edu'),
(109, 'Martie', '$2a$04$bofo/0PMf6e7O6UFSQH4EuJol2t.2G9XaMzIR1azDRxuIkBwMKa/G', 'mflintiff30@slate.com'),
(110, 'Angie', '$2a$04$nN0MTuVoACRau8c637zGTuou81ClGTYVE7JElhG9PcOZrqrMCXY0C', 'acoursor31@blinklist.com'),
(111, 'Blondie', '$2a$04$2uK80nXZkhm6s3Z7yNfFE.yGnFV0DdKEcfbPO1z/WmrjmvthSH8ry', 'bgershom32@google.pl'),
(112, 'Luz', '$2a$04$Uu.LLMM8jDXSKEHz63VvG.GAu3fkjI5QCnXQ1Qvczx8x/0MWcvxUy', 'lhelsby33@123-reg.co.uk'),
(113, 'Rafa', '$2a$04$ZxoWioBeGi6F9i13w0j.iuJW1ZE.RJOPgXnf3opOm6AcSx63c/5W6', 'rkidder34@posterous.com'),
(114, 'Celia', '$2a$04$iIRvqYVHhARDhPN01ILiiuWqX0o8KHFmxhrm090d3F/wfEOWM2wc2', 'ccallery35@jalbum.net'),
(115, 'Doug', '$2a$04$.cpYEg7NXI79.cJuLe0ad.DThhZFo3vAvJ.uUVtc14XD0QV6Uvy.q', 'dgude36@answers.com'),
(116, 'Antoine', '$2a$04$CIo7aNvyBPQmON21E/HwWOOD0nB0sYQn7sZ3Fti2MhCh/XqMC/Uqi', 'adelicate37@cnn.com'),
(117, 'Ardis', '$2a$04$/ybbwL60Z.9Ns8Eea8djWud58YOM55N2fbbncdL2sftGXYbY7kY7a', 'acutchie38@vinaora.com'),
(118, 'Gustave', '$2a$04$P1tGxw5xlatCGSR6E.j.n.rs0uG28qhPNGUHBSYtbUsO3n0KN7Hte', 'gwilcher39@oracle.com'),
(119, 'Amelita', '$2a$04$xE5NhjxvRNDhcxNsQFq/femHyS0m9QeSi0TmBsJMGwRVAXRIKOfaW', 'aslay3a@nba.com'),
(120, 'Lothario', '$2a$04$ydCMlPkp4V8uKciyEpLFquXNER7xXTyYtSaPppTUSz5V4z558Kuqy', 'lcunliffe3b@telegraph.co.uk'),
(121, 'Onfre', '$2a$04$wCd45UUkWxzaFz9n8udFUOWYMJERQmTbr.B9nsZgSWdwjGDTHE9kO', 'ostannus3c@4shared.com'),
(122, 'Kin', '$2a$04$qmXHepBqiU/N9eVa4hiHZ.bq83.qGZFRlMihwAJNZLXKBhWwiY.De', 'knottram3d@wikimedia.org'),
(123, 'Annabal', '$2a$04$tPLUKJ/xJ7h7rrjB.5/iZegquEFmDzyT08nTKRWdht4G7VXCNFw7C', 'amattin3e@bloglovin.com'),
(124, 'Jedediah', '$2a$04$7yKXXwjhIoVhIZ9w7kj4aew0uOq7kQwDXKmLoPCFUA5rJS0eC8AmS', 'jburnip3f@go.com'),
(125, 'Salim', '$2a$04$nld4ZM.TDvT3D.ECP9tiB.ssUlqthoB2glgedWEDqomcc/VvefI4y', 'sgosnoll3g@icq.com'),
(126, 'Dorie', '$2a$04$nVIzR3mqQs8OCl2ThUd5Eu/3lJZN34AGmOq7WGQPQUH0dUIYzqHoi', 'dscrase3h@zimbio.com'),
(127, 'Helene', '$2a$04$pCdkZMexL0XhOJQnYO.mDO3QCJWM5wZiEWDK/rBPvMHftYfiov.3W', 'hjarred3i@paypal.com'),
(128, 'Sydel', '$2a$04$quei8C9Vb2o.KCaq/dn9HOmUpfeUDSTVl6u3DtyaHb.ygBF3K/wjm', 'spyne3j@redcross.org'),
(129, 'Josephine', '$2a$04$.tuYdm0/HurQLFFXC4r/tuAqMpKlgsm69hQScorYgRcIQApfN9N2C', 'janstiss3k@bigcartel.com'),
(130, 'Lia', '$2a$04$MuzR0xA3BJR12XOF3z4zze3zGQBmb0o0iNjeY8xhgv7PkcLsdFjlS', 'ldayes3l@discovery.com'),
(131, 'Biddie', '$2a$04$MqFWbOzYZ06GUfat18SGx.5qFLd7gIbiCEVoUbFFiu5anXp9c8/sm', 'bbrazer3m@go.com'),
(132, 'Jayme', '$2a$04$yLRIJsh0iGJIwY3ivk/VL.hBhKnYAJ6sUnuP82QI52G7qSGp5eDXS', 'jmcwhirter3n@qq.com'),
(133, 'Turner', '$2a$04$9MD9MLML2XkAjnJKMMwmBegCXQGiIlLmImWSgDzYwKWUybD1fSeGq', 'tcubin3o@reverbnation.com'),
(134, 'Timmy', '$2a$04$cqqvxwladUd.sEhUnXctpe2vtFo9V80lp0Xz6MegLWVtAQ5p6yNvO', 'tdonegan3p@toplist.cz'),
(135, 'Ximenes', '$2a$04$fkl.gTo39mwz91E/DFEkfu4zYQo.6nHXc7hxbV3HiueBHFMRDlQES', 'xbootyman3q@buzzfeed.com'),
(136, 'Neala', '$2a$04$bZE9liVh2BcTVhIr1DlRDeLrO3GL4BuVSBWshk1kjYU.Lg1O/pEqu', 'nsherington3r@tuttocitta.it'),
(137, 'Maurene', '$2a$04$Kqw0XP3G9JlqGgL.tTo.lOo9vJmxHbPVmYL.ff25o87p/aZk7gVE6', 'mbarendtsen3s@wisc.edu'),
(138, 'Filmore', '$2a$04$ubkCirl32CanbFxIxyaSYOSLU7lH.ps7cpwbzPWpRCZ2FMeDNXgyO', 'foheneghan3t@parallels.com'),
(139, 'Sherie', '$2a$04$E8dLnQd.yoi6DDdkfbCviebspvo/4iz5IUFs7JToyI6VS1g64VRse', 'sseger3u@shop-pro.jp'),
(140, 'Davy', '$2a$04$dlu0WYIK7Y9yTWOlr7E3R.KXoWrI/1D3GfUE7.mrnyl1b.6tALSUK', 'dmatyatin3v@jalbum.net'),
(141, 'Layton', '$2a$04$QuahKXPAQcXTasT8n69G6uXl3b4/Bb24Sz4WIwhNS.N1DKivp3Ku.', 'lperello3w@elpais.com'),
(142, 'Rockey', '$2a$04$tsPbxblw0tnwVsERdsQC.OZ.ByOAT6BC/./E./mVWOSsccMVcJWkC', 'rwinney3x@constantcontact.com'),
(143, 'Ambros', '$2a$04$8UxUOrazbLD5iRFVPOdvmOzNmn4RCRkyuj6D9nl3IErckjuu9hk8K', 'abraun3y@mozilla.com'),
(144, 'Eben', '$2a$04$l1ckysJ0tNlnfy2ICQKHu.dkR1tRcMiPMVtizMtZL5Lj1SIPinM2G', 'echristiensen3z@msn.com'),
(145, 'Annelise', '$2a$04$X4/41wRZTYuZTLazbf5AJ.pBJN6FyXB8b9NlZt5r92xryZ5W2aqVa', 'ascheffler40@nydailynews.com'),
(146, 'Ida', '$2a$04$xOFdN2bX3I87lK7JPWahwew9K8IBJ7kBLlMbeysj367v9YH.I43Va', 'isherrock41@t.co'),
(147, 'Gonzalo', '$2a$04$wgG2Ld8uR3VeiSiSjGtDT.3kmfHvfaUcwOm4aez9XmNwitkGERRRa', 'gpringer42@bluehost.com'),
(148, 'Heath', '$2a$04$a5W8zNn5whDQsXXtfAVFxuE1HTE6g60elS6u60Q/W1Eu2BAVkYQCy', 'hdeighan43@tinyurl.com'),
(149, 'Yvonne', '$2a$04$LY18Xsd20h28KNKeQ8n/uuPBKbi6Ahu3L3sWDnhv.1mOCbH3IPKOW', 'yspringett44@kickstarter.com'),
(150, 'Kinnie', '$2a$04$PA85GgSzlRONlUKuk.3vy.impy0Fcf/kaYRWDjZ5FM38Qz4WXoCiG', 'kfrogley45@guardian.co.uk'),
(151, 'Cinnamon', '$2a$04$sSXTaLg/buGvyfkCzKSuceMJaHQGNn86gVbqi.dQtCS6YZKNAugMq', 'cwalcar46@goo.ne.jp'),
(152, 'Shalom', '$2a$04$H6c8P4bFIjQ5lC/LG5ISZO9EbMfmoXWbixwDDNus6DfyrLyg1QdPi', 'sbehn47@archive.org'),
(153, 'Antonius', '$2a$04$PtgxREoBA0tjko696BD9cuZQGICJkppwK1FpcW/2IVXhNfvWYkQsS', 'aarderne48@csmonitor.com'),
(154, 'Kennedy', '$2a$04$bjiUxQ45OoYw9shfJXjEweYWIywTnoz/Kbwed/M.vDk7H.ByQWxFW', 'kfareweather49@va.gov'),
(155, 'Isobel', '$2a$04$3j40A9Ncj6LtmjiO8ay6Rea/p9PndcN5Butq8mX9s2sC5C4T9p.vi', 'ithuillier4a@cdbaby.com'),
(156, 'Ansell', '$2a$04$ibZSoyKd8um3IVjhDXtjb.9pS9UdCB53/8Ddarcq0foATE37bSptC', 'adelaci4b@ebay.co.uk'),
(157, 'Alfred', '$2a$04$JCB0HFN4faf8.n7WbX8UCO9q5OxhTEVRBoBZDSTmkFG1eaR0EfOaW', 'amarfield4c@bloglovin.com'),
(158, 'Tommy', '$2a$04$lYvMZbJQUyaI9bUjgeyPpu/6cuxCFlmrXob3pntKxYOoBn6lozFOC', 'tlongo4d@usa.gov'),
(159, 'Ronald', '$2a$04$cUUQlzxDUsaqyyDcwLlJce9PrQGkij53FOkSVwAPXDz40ahSqvdbi', 'rthomsson4e@google.nl'),
(160, 'Brunhilda', '$2a$04$VDpLq2AJMMh2svqJ/dXsa.HZhNzmQmZoJmDagP/Lqp2qnsb9aAjte', 'bpickwell4f@wired.com'),
(161, 'Alphonso', '$2a$04$VJXN.WuTIvUYPQn1CkAKTuA.NxED6v3sgEvO.T3fuvHZAPNSFaa42', 'alanglois4g@ycombinator.com'),
(162, 'Ingmar', '$2a$04$1x8drmJPUVsObR8shW5oK./DQLKf864Lfyk2hPGIOeSI4pIufkGom', 'iengel4h@irs.gov'),
(163, 'Bay', '$2a$04$2mL5hugi/MxrSfmLvZUqfO/RjuDJ3TIdyx1c/vqhDTsPTLP5bZbAG', 'bhatchette4i@multiply.com'),
(164, 'Brenn', '$2a$04$d2LRuHVO4aRX3C003w1Kk.cacxuyI7plUfFjbwg3L9JRFfJTC/sMi', 'blogie4j@indiatimes.com'),
(165, 'Coleen', '$2a$04$SPo7G3rpHRoQ2M2AvhESi.SmNrN9f3hMqE.pYUUD.4b5zf/pa.k1y', 'cnaton4k@cafepress.com'),
(166, 'Rozamond', '$2a$04$qTbaUI.tR8QA.WJCy1sxr.4ArqXKevPjBJfGXhKB2.magcB7rEoPi', 'rspellessy4l@tmall.com'),
(167, 'Hildy', '$2a$04$9nrn.Qeh4wjY8IiU9r76cOBEzyhLb5hpFjWUq.TRaXC9NdqOG8ON2', 'hpaxman4m@networksolutions.com'),
(168, 'Antonia', '$2a$04$37SGXNqfFF4M41gYb/nj8O5ep3sqpJuToyRLHnN0YgzbVsTDZPTha', 'aludlam4n@4shared.com'),
(169, 'Fleur', '$2a$04$fOoT0D0QYKhZbW0A2DlfC.CELW4azgzv4Saj0j/nHlw1RDvJQ.vV.', 'fivashov4o@google.nl'),
(170, 'Ronica', '$2a$04$WbC.1sxdoiSUUNE3mGu3K.jPD.WKvJg9TzEcngdj2ib7LzSW94Lg.', 'rolkowicz4p@about.com'),
(171, 'Kin', '$2a$04$gKzzBmMJQIJBNnbatYYVL.PrrwmxC.Pb64ieGfPWj3OERpqItaGgG', 'khalton4q@people.com.cn'),
(172, 'Gilberte', '$2a$04$t97GEPV8bZcN37Lu7a.DGOwyV.ohyyTIy5djVf5IAOEZzPszCToO2', 'gstrute4r@studiopress.com'),
(173, 'Hendrick', '$2a$04$cnAVyA0LNT56UzBL3FFQsOjXhonK8qqYbB3FthuOK0/Dz.3PVlbtq', 'hshawley4s@sakura.ne.jp'),
(174, 'Adams', '$2a$04$CSpHSqsDo2m8f2tXNJFuReUeNB0nHtQwo1Vz1svdW4vtRQjEZF.bO', 'asesser4t@blinklist.com'),
(175, 'Holt', '$2a$04$GfW8mLjeMxzSBqFF5VLnXOZ8k2xmyoGIZ8b1W1rHT4rkJVRzCof2O', 'hbrockbank4u@gizmodo.com'),
(176, 'Olia', '$2a$04$0hNGa.R0S1xchQnFPc8v5e.cuXevbzGOFQWcvEXkaNV2baNGIeZeC', 'oshreeves4v@weather.com'),
(177, 'Juditha', '$2a$04$AOumZWFj9zf2P4wzc0dFL.QjBOxZwi4VNtVfEfniI4YrBdAdTrhiK', 'jalbasiny4w@qq.com'),
(178, 'Scotti', '$2a$04$dpbRwbUTXbQcFOu.DqwIeOfLXEwx44OCSFjPMULdXHYHMldv.p3Ke', 'smelarkey4x@ezinearticles.com'),
(179, 'Dawn', '$2a$04$eZZm.oa1Wy1G2QjurUYP5eiKhjJDkLp/wYyvUQ8iIegGOFSTcgltq', 'dmunkley4y@marriott.com'),
(180, 'Thedric', '$2a$04$8UkBfmXa.XosEs86iksW5eaH24.7vWICC74.oSChHJfM5ZZl2lPjq', 'twilsone4z@sciencedirect.com'),
(181, 'Klement', '$2a$04$yhXaOpCladS2WSiTRxCAGuQzsnvv8m/rWRwk0zKBUEPDwoRlfggrm', 'khaythornthwaite50@sogou.com'),
(182, 'Blythe', '$2a$04$TqKMe3Y9N/17AIiBzQNGlujYE8dzU1tSbDix63Tme4fGtaUjh9xPe', 'boconor51@buzzfeed.com'),
(183, 'Daffy', '$2a$04$Yg42LOVQGjm5WbKHhg.X3uJM1Toh/hKGiUFncev6c1zTvg0qztasq', 'dmarkovic52@topsy.com'),
(184, 'Tallia', '$2a$04$u3Z1OgmoUp3gT9cmAeZBm.0CrgG2ENLCPD1KrOMoB3oE/Dwx1RHlG', 'tshaul53@bloglines.com'),
(185, 'Karylin', '$2a$04$tjKbpUSVp5D2uWN5/X9SreZsHPbRuMCZHSbnG0UOSpAKGj2FrNV2q', 'kmcgrail54@uiuc.edu'),
(186, 'Ossie', '$2a$04$h.rgMbEZxh1w5iyYJkiLC.ylJ/QvcyKmduWYzq2gLvOQW1H5nHnmi', 'ogreenroyd55@360.cn'),
(187, 'Anjela', '$2a$04$xdvuqFPk5y4w7E7KZCIKFOL2OVrMTwjh9S3peK8Z2KdfI4Z1HimeS', 'apynner56@goodreads.com'),
(188, 'Brear', '$2a$04$qM8.ywE6j6RwLkck/J3aBuWwVy4ygnbGcUM7nhCoB9E6AVCzA98u6', 'bhallstone57@list-manage.com'),
(189, 'Milli', '$2a$04$VnRz6xdjeggWbTpDvazk0.MO.KKijIvnQijni/g2y19Zf/zn.kmnm', 'marmatidge58@skype.com'),
(190, 'Emlen', '$2a$04$Du3ED9a0voO3f33annEgN.9vkUtq2AWOcZ5InDdiKYnLR3S4kR9Pq', 'eardron59@pagesperso-orange.fr'),
(191, 'Caril', '$2a$04$szxpJQ9IeBkgRAHCBaqQE.BYbYl4ZhT4czaVClcwZqSxMJ/ap9eOq', 'cflippelli5a@irs.gov'),
(192, 'Rosamund', '$2a$04$k.Fzhi7J93bRkA6CfSCpLeF9MspybrFLd3c24ZZaOo.S/KMp58yjG', 'rrhydderch5b@ftc.gov'),
(193, 'Redford', '$2a$04$yC.y08g8Yxy33lr.PvluF.YbGNlcsI/81wM8a5A03V4H69BdorgeC', 'rhaggart5c@yelp.com'),
(194, 'Renae', '$2a$04$mN5gp/p6y4UDcWMyyldIteNj5s0sfrF1KPSWt3g3Pw3UOBMVRTSaW', 'rhulson5d@google.com.br'),
(195, 'Pansy', '$2a$04$aN.VL4vmyInUMK3uKKhzSuIkC1hW6oK52uGRr2aM5g5NhYDFxnidm', 'pshalcros5e@pcworld.com'),
(196, 'Renata', '$2a$04$CAMHlL.X.c1n5oYgX//pu.RoMi1R4Kf5s.c0qZwSuXzSDJt34LRB.', 'rlanglais5f@twitpic.com'),
(197, 'Josephina', '$2a$04$t5n6pfS2YSsnmu7nVEQzQ.Lok255tmX5ebuxb5ONpJkT4bIdsDah6', 'jpashbee5g@sciencedaily.com'),
(198, 'Tabitha', '$2a$04$ph0H9w62vv6FvJyXYb8Gau67TASSEHWgwDGNbi0xIeBrgkrc9JMXm', 'tfigin5h@facebook.com'),
(199, 'Ginger', '$2a$04$nB604pr1dIzoObe1ogetjuFdhjrw9HpMmY4bzXA82KHmffKfwow3m', 'gwray5i@indiegogo.com'),
(200, 'Marjie', '$2a$04$8xlx78/9.yDdVjTbCmSgwudELjOh9g6xfwtM.8cFkUdIxkg420Fr2', 'mkingzet5j@cafepress.com'),
(201, 'Myriam', '$2a$04$e.bNgtLMid12K3LCMj/lT.nZ9qAzCt97ZpnspQ/eLSYVjulqjWz3e', 'mioannou5k@tmall.com'),
(202, 'Michal', '$2a$04$pdngmGjNTy09XldpGoFrr.V8RuH6Ezd/rr7tdqzemIIDHEpTCCxa6', 'mdeancywillis5l@accuweather.com'),
(203, 'Bekki', '$2a$04$nP3uUWUtBxOSxfNyHc9JduuY9LxMux8WRU8xeBNwWEcM4d.PKLJUC', 'bscryne5m@cisco.com'),
(204, 'Valeda', '$2a$04$QxS4gOos0J3zE7sPQQkT.OI38BTd7G/RT13On3oQ6viiBS3DRJqNm', 'vpockett5n@360.cn'),
(205, 'Odelle', '$2a$04$AKgzoimb1rcbHM6NsR7mLe/Z79AYElxzW86pwXzOdRB/e2einNlx6', 'obranche5o@skype.com'),
(206, 'Penni', '$2a$04$1r/B2mD8iOCXlHGjBf6b6OIyGrcyvoP/lOoOGOIDHASB2i1jS3kaC', 'pphillot5p@house.gov'),
(207, 'Quinn', '$2a$04$Odeks4TutF1kWU3kP7Hv.OqvT8FG59/IomvRm8xAx.7H3noDgslrK', 'qcarrane5q@rakuten.co.jp'),
(208, 'Thelma', '$2a$04$1RvtR4Y/8Dm2IYLXKFN2Wu.MLN0A6EQesyDI5xmz2uVUU6edCOfiG', 'tklesel5r@nsw.gov.au'),
(209, 'Basilius', '$2a$04$JQATTaHUmVc1ZWK0SU0Ziu.Q3xrI08PVNduIjAQlHu17etVVUQDzG', 'bboylund5s@cnet.com'),
(210, 'Vernon', '$2a$04$9BYoR.SLFjYY7xUpWiiRI.alce5KKujE23XtOL3UfEJ2h.BCh33O2', 'vmcphillimey5t@addthis.com'),
(211, 'Bendix', '$2a$04$JIY3NPE.oIgIRtQnQDb6rOkFbFvLGk7iFjzoV8BoyuN4Y3xwQK5tG', 'bcheeke5u@businessinsider.com'),
(212, 'Karoline', '$2a$04$mnKSUdoxtk.4Ixv7LyM.3OW.0DYkbIT6rWUc3zpIgZzCJ0GbJa4Re', 'kbracco5v@unesco.org'),
(213, 'Vittorio', '$2a$04$BrSK3b743/8j1DlYYtybbuVw3ACTV/HN5SCkRA2v76CI/gvDni/IW', 'vdawber5w@instagram.com'),
(214, 'Pascal', '$2a$04$0t8/UEKhe2fgX4EshzM1CO2NTZkZjQ.4rfG5LqC.Kc7ociEqgRRAm', 'pbamsey5x@noaa.gov'),
(215, 'Meryl', '$2a$04$uizTDbTSxjCgkRh8Mn.vrepQE9/3QTuEJ2AVZUjlJ27Pk4axjJt7S', 'mfarey5y@clickbank.net'),
(216, 'Hallie', '$2a$04$PkEXPJZjIV0XLhG5M2ymOeTnV/ViDFb/8ibAvw56GgpFLp2qjOJiW', 'hschelle5z@tumblr.com'),
(217, 'Xaviera', '$2a$04$1BukMyvqI7JGqQO4tFKKkuz1054k5UgdVqf18t2QdApCfcp6n7Kw.', 'xfarr60@webeden.co.uk'),
(218, 'Marc', '$2a$04$HPt77nOi/uywO.6sacgWneitIQV17WptRqmcp5Rjefj8PluJiuUTi', 'mreiach61@uiuc.edu'),
(219, 'Petey', '$2a$04$hCd6AjeBdgvYC0sKm1i/4e64aLxjIrjHdjkb89GZgKmMcb0qhRieS', 'ppettie62@patch.com'),
(220, 'Henrieta', '$2a$04$q93rQEUZxfhheD8CFXc3R.Q47BbH4Y5RO6Xfr2/8LWdh1kZXRyslS', 'hoglessane63@mayoclinic.com'),
(221, 'Gabe', '$2a$04$lyr/SSn4zJz7Jr5lhPI41OQCAwkjjAURT48fK16fI7Kc3XjN15Q.m', 'gstutt64@google.it'),
(222, 'Alecia', '$2a$04$4KDFI6qkqVzcFbpGNZ29neziV8NQl70r/d7q9XqtakDaNBMPCSKFq', 'asnashall65@printfriendly.com'),
(223, 'Sadye', '$2a$04$Q3.h7meW.HmEawlFY9bijuqkM0X/o89HECaAP7h6CcDIAc2OLAm2y', 'sbrodway66@w3.org'),
(224, 'Christye', '$2a$04$FQGYDI2dFf1Xi3ohsDDDpuUh.DM4Xh1G/VaaGEPNn2Zj1YDBFrc4q', 'cfeeny67@walmart.com'),
(225, 'Jesse', '$2a$04$NlYjCbyL/hUp51higK9EQurM2rH7PpvzH4kMGxPs1JWbQK90Kqzje', 'jgissing68@vinaora.com'),
(226, 'Zondra', '$2a$04$NCURU0tTKD81UGT2U2jNmeyZk7GES1L8u7T9kZ92U1j8ttfeZjt6i', 'zbierling69@51.la'),
(227, 'Yolanthe', '$2a$04$.TWoyLntn5ypVw6nDKqjDe50R7b1G8t7YG8sUJpEnZBM61P64AGX6', 'yhoogendorp6a@jugem.jp'),
(228, 'Doe', '$2a$04$okKhLHqgzW5vQIdYTkLsNeZgHQAI1KLpqpfWHF2abCL6PqQ6DRB7.', 'druggier6b@fotki.com'),
(229, 'Brade', '$2a$04$7lbbsseF6v03GUq2NVGQ1On6LZdIsQ0sNFeyGXmYAztfz6ROlnWCy', 'bgallifont6c@seattletimes.com'),
(230, 'Kele', '$2a$04$L9vsBWK6Ql02q4bo8pp7jO2.jT/QtWF59WQnoujKG7MWyYO8bCZJS', 'kreavell6d@nifty.com'),
(231, 'Winifield', '$2a$04$HxeTW.rz69FPB3eR0pGAXekBAfumxjB6kI5pxHO7ATxggmBzfiNFC', 'wkiddell6e@princeton.edu'),
(232, 'Mercie', '$2a$04$YfQc9/KLGwan2UXS/RsBI.l3.LZdWlKt4uzUzfQO3Byp5UqbymRI2', 'mtankus6f@1und1.de'),
(233, 'Mikol', '$2a$04$Sz4xc0g0EkgD/vZD2GQVluB78u397GwiT1Zkqeheorxz4dbziyIC2', 'mbagot6g@marketwatch.com'),
(234, 'Kissiah', '$2a$04$NWinR0VB.ABxyoS4eMozKuI3geffq7N101nxQYVQ5GOZu8KuXPp1u', 'kalyukin6h@gravatar.com'),
(235, 'Tommy', '$2a$04$gP6W4vr3Ix7LUX/Cv8kWHOB53pagBwFhXHCru0v.yVERUSXQ2wJxu', 'tthake6i@ted.com'),
(236, 'Leyla', '$2a$04$0skkJhFLG6V1jc5T8oUe2eNFDfYXnUJw99lRM1vOcqFXDJ7Uw0U.G', 'lolliver6j@prlog.org'),
(237, 'Merrie', '$2a$04$M7JnBevDKP9ZomAIcNST1ulgSvFHVgskzJBH57U/wcLPYeCp97eza', 'mgilffillan6k@independent.co.uk'),
(238, 'Reagan', '$2a$04$je6PdyH0a0RAbrAyU5IbV.XaaypHL6UualBMWRT.tp8gtM5zspQ/i', 'rgooders6l@vimeo.com'),
(239, 'Marleen', '$2a$04$bOjn66M8Ox8jLe2AW42lIOFk8ytbz1sehLF1IbQQiqs2d.4CFeSeS', 'mgilvear6m@xrea.com'),
(240, 'Dennis', '$2a$04$yXdFZBO7jToJcB7T9JjsdeYTiv9F7NkYmoD2bKhUEj/Sj5Xp8eysm', 'dfurlonge6n@dion.ne.jp'),
(241, 'Dag', '$2a$04$qe56vLJB8os7hHwN/gbDPu3YLXMbKQ9iYjuV.rhj4.zrdGrjEnViG', 'dskipp6o@ovh.net'),
(242, 'Marty', '$2a$04$OyY1ntZ2ne97jcQBxYrF1.420K/LVz3JBl2Jp8MKKzuG9QNxqVOM.', 'moconnolly6p@salon.com'),
(243, 'Derron', '$2a$04$xX9yCinrW2BRUs70GZL7Nulor45q8xVfnNYftILWtFMTUmiOPmFK2', 'dcarrabot6q@columbia.edu'),
(244, 'Shell', '$2a$04$HWxcnTtQLQGI9JjN5OVW.OMow9y44R9xCxJp39jj1E0yaUcDumEii', 'scregg6r@shutterfly.com'),
(245, 'Sephira', '$2a$04$Octk4vUSgxjyrekYJCkB4.s3sowS2Y7gl.C8Rs60UyH/t8Im2Ilgi', 'smylan6s@yale.edu'),
(246, 'Ardene', '$2a$04$Ed3Qvbd4BTPMAJqGTkMfCeuSO6Ju1qNQ.1G.yUPD4rwXq90h.RzMK', 'aaspel6t@pcworld.com'),
(247, 'Rand', '$2a$04$lPVJxgGhppcganFw023eX.rBV0iwn.m9gU6gj4BQEzGMdK3vuLgtC', 'rbeneix6u@wunderground.com'),
(248, 'Cass', '$2a$04$OPjA2KICk0Z2LNQBjS5SMuOsb18sjoFcJSDPUQldstyQBmZXZc2JO', 'cmessitt6v@cafepress.com'),
(249, 'Rosemonde', '$2a$04$/FLpa42dbnUfMwAWukIt.u.6X7dC1DA4yqFRSbt1k3jeV/N53tbJi', 'rfindon6w@fastcompany.com'),
(250, 'Theresa', '$2a$04$/2KzDBaVG02hzJ/wNcX/Zek2izCExahIdsyebUNnemWaN/3Zg83.G', 'tpenhaligon6x@netlog.com'),
(251, 'Kelsey', '$2a$04$BERhec0xhRT/YlWGYmqBZO.xI8.1xMnZsADdRCiTX2fUU697TK84G', 'kellingford6y@howstuffworks.com'),
(252, 'Josepha', '$2a$04$E/5ZlztKJYpkq6xtJ1/iae4Hc5I3r8QJqglEdvTqgSoZqOc7BB08K', 'jtibbles6z@sciencedirect.com'),
(253, 'Phelia', '$2a$04$BaM0KxT5jJ8MCnaxbJWdB.JuaFMNr7cyZfz4vCVb7a/VMiL6t/Yca', 'pmarians70@weather.com'),
(254, 'Shaine', '$2a$04$cuvZqRP6.909n0mYY4NBJu4oQS4DyIDoH.elFD/r4VIV99lRgChcO', 'smeachem71@wikimedia.org'),
(255, 'Erina', '$2a$04$NqJDk.ncfR8xke1aSd.yqOuVCI2ueEVkcMoARhLav/Ps3oQjHsvmy', 'ejenk72@businessweek.com'),
(256, 'Odessa', '$2a$04$FktAgoYw/w3IPd1KN5dzlOVpULvj9VzPVx5gMVRRHcx03y0wrlyIS', 'ohuston73@php.net'),
(257, 'Laurie', '$2a$04$.2USJkcoBA94MMyZ7rVzHODC3yP721tu48yV5wJP5iwZdmneFOueO', 'ldepper74@pen.io'),
(258, 'Boycie', '$2a$04$y.RzpkIbJf16TdkQnKARpeEMLOhB0DmvoFlGIFZ9yx0J9PBQ1kzOK', 'bfaiers75@businessweek.com'),
(259, 'Krishna', '$2a$04$8xT3OEW.7n2Hn7JVLMrGMuqpmxtRaQE7Ub1ANZ2AenKMIPkznVjue', 'kcasin76@miitbeian.gov.cn'),
(260, 'Wayne', '$2a$04$ZDtHqWT/Ts08UURY17DYZOlLi2hwgRPWmv.Th1axcCEcZnriP.Ls.', 'whailey77@liveinternet.ru'),
(261, 'Tory', '$2a$04$DLb3JTLgyLfHGPyKP863A.nf95DtbqGkQ3oN8VlewymOpd.wyqcKO', 'tarmes78@vinaora.com'),
(262, 'Sandra', '$2a$04$LJ5SsIf8bXYdfGW5oImDouq6M7a6a.isEaLIB3TAyULeoJb0DYzZW', 'sbeckey79@clickbank.net'),
(263, 'Rab', '$2a$04$sFQPyVQX.xLpqsJ7mcuZl.ut1I.Bw/B1xNSRYRLjrVqa/uq0LJxmq', 'rneil7a@baidu.com'),
(264, 'Errick', '$2a$04$W1yxmuxcgebVXlki3RGE.eSBLTC8PfBuQEGnqRllpW0eDWVB5nlN.', 'evarden7b@howstuffworks.com'),
(265, 'Hayward', '$2a$04$ZKy.1klKa3hfG1jAIymv7e0IeXdshbbLGvL8diRrto4a79ZzcNGNa', 'hromney7c@goo.ne.jp'),
(266, 'Brook', '$2a$04$FAcHuLBWhpcRP40JEoBrou/hZfWeYQr/UYOctjBxNyAFyNkwWJFM6', 'bslessar7d@infoseek.co.jp'),
(267, 'Janean', '$2a$04$p.7DtndEWWof0tA507zfeO6aEkotNnYLwSp4iRyI4wiX90A1URV9W', 'jholburn7e@liveinternet.ru'),
(268, 'Marris', '$2a$04$iE07qdUbWnK8szla7DxHNeCNRgpBnK7CYgZt1UJeUJwTMTUXtWrs.', 'mlittell7f@yandex.ru'),
(269, 'Shelli', '$2a$04$sqB5cBpPGhgZz7YcX00ZPOdAoR7tVX6v8mK2e3ITvse2ehNZqVprm', 'schritchley7g@list-manage.com'),
(270, 'Brigitte', '$2a$04$mAKDdIkuvYIy7epPX07FceXyvj/lWCd44St9z8dGY6YJf8jPVAdb2', 'bgianolo7h@addthis.com'),
(271, 'Tedman', '$2a$04$hvgmzdpYYgJm3MiapEn2o.Zx84ddOSGnLVDOU1fZ05evOkiN253ou', 'tbarsby7i@shareasale.com'),
(272, 'Merle', '$2a$04$oVOOHgMebIhR7Ie9PNZDtuaf.k1in9HTBK6WxCo13tap0E6myfCY6', 'mexelby7j@posterous.com'),
(273, 'Jorie', '$2a$04$cTaLy37M.w6pE/6q8mZyweM5sIIIrlhlrhy0DHgfg9P/mw1VEdhXu', 'jbitcheno7k@webmd.com'),
(274, 'Katrina', '$2a$04$5jwkI.7JWnsJh5SwqRLTT.62eNXCkvdAof4PKQ3LAXDOu2xWsWgl6', 'khubert7l@eepurl.com'),
(275, 'Zahara', '$2a$04$thx2898rVFJwl95dCVErouhMxbMITVULvOWV9JDIjb5MqmywQGUCe', 'znenci7m@jugem.jp'),
(276, 'Cory', '$2a$04$/GFzfCOasWt0LiDx6jPdQO1VeoNGxEIPF1f4/3HAAJdPfshMNS.a6', 'ctestro7n@mlb.com'),
(277, 'Cheri', '$2a$04$XmAOzXgyra6i6oLS1RQ/5OfC/I23VnLSTZyx.rIEtimQ9Grn9cUxy', 'cjelk7o@webnode.com'),
(278, 'Coretta', '$2a$04$5zPAgHYivQMpQQL9dIZacuUxpNvhfBER66gYXcao3C4f6PjigZ79C', 'cmcilheran7p@statcounter.com'),
(279, 'Darrell', '$2a$04$gWnNQfy0niW2lLt6tqVWQ.fqXNzoOjBJK5AADL14docPLjyc.94i2', 'dedgars7q@gnu.org'),
(280, 'Annelise', '$2a$04$0Ne8BBE/VSxJNZHJocLYte1GGeKbOwwr5meU4cwjLzEu8wDmE6KV2', 'adeath7r@istockphoto.com'),
(281, 'Dore', '$2a$04$4qFr/ELU3yQ7yL4kOxU0JeKHPt7TBeK0T462R2uhSc/OFrGgTM6gK', 'dboldero7s@sourceforge.net'),
(282, 'Christophe', '$2a$04$AOj7xu//JpV3EWjb5GVBhenTNWaSSbnnYjyASKDkkoEJMYiXdblwa', 'cwilsey7t@chicagotribune.com'),
(283, 'Tristam', '$2a$04$o0Pn9AODqXPdp.08B2nDOOPI1TkEcYFkiLdV4xv8be/9QpkaiXeky', 'trennebach7u@amazon.com'),
(284, 'Evvy', '$2a$04$ZpzkwDS85WpiCEadt5eB2O7wUBVX8yQYbVnlWwIkXslofM0XKkZCK', 'eweatherhead7v@miibeian.gov.cn'),
(285, 'Olive', '$2a$04$XPHLCaeASEKKzSPsk3Mrk.I3/KfpTd9x4FBQR5mDSAXii8a3ORMKG', 'otickel7w@pagesperso-orange.fr'),
(286, 'Rebecca', '$2a$04$3CWhU99r7gvJS.g6n0Cg3.W1Hf9ng8NhtbfrkvYadfu2xV2LtbdgG', 'rbausmann7x@marketwatch.com'),
(287, 'Fernande', '$2a$04$ln/2h.AsrscF5ulkgCk6muEa/KyTJeEt8pmqv88AAjdA.UTnWuRES', 'ffarren7y@woothemes.com'),
(288, 'Gerry', '$2a$04$jUIxLLkLFAgUw1ITTQXWsu5U0MDlcRBtadXhFEFon.IiHSetvePVy', 'gseiler7z@answers.com'),
(289, 'Mirabella', '$2a$04$F/K6yKKp4.5/Vf2kUFHZHuCJeOjXxV1NYf2ku52HR7Lfux9ntFK6W', 'mbickell80@omniture.com'),
(290, 'Annadiana', '$2a$04$JdIKOh2LMcfx0eA.GcECQeC4BRAPAjQo1rPT.6MGwLkCAzj/XBo.6', 'apittendreigh81@youtube.com'),
(291, 'Jerrie', '$2a$04$pmJI/cD7Xp.bFWAIRKJSjObjj9CrBMnkJu7p5QYiAhh4hltubQeQW', 'jbrandes82@mozilla.org'),
(292, 'Mollie', '$2a$04$9uK6w75NvaKlec3Sxg09de3gcu2gmiZdzDi0oGemI0tEUq/b2Xf/C', 'mterrell83@about.com'),
(293, 'Cinderella', '$2a$04$WW4j7xsLmW9oMtzE9gGfceQoGkHi24cb071e.WkpEizBj08RUwGFe', 'cjack84@about.com'),
(294, 'Andreana', '$2a$04$xNpbjVTtRlXUsqxzeRiVReDdb3DOirbNIjbWORqGGEUFFuySd4pfm', 'apetrou85@bbc.co.uk'),
(295, 'Lilas', '$2a$04$DbpVx.F/k/I51tvCryEA/ejh7o6Zos5lEi/jL20o/x36wFfudGCYS', 'llummasana86@gizmodo.com'),
(296, 'Fran', '$2a$04$UB0impR1f75Hx2Vm50qEmegagava0kUG7ft/EJzMrI.fWf1OB9L9W', 'ftreble87@theguardian.com'),
(297, 'Hulda', '$2a$04$YfK9f2Kr7fp7sfsMcygS2uu1gSOYHv4iKl.hDXsKsF9b0vA9NvnWq', 'hbysaker88@sun.com'),
(298, 'Guthrie', '$2a$04$A.UWnbm8HdHJlv3Nv.Wd6ekenbhOhndmROWJKqc29byUjF.T/tBcC', 'gbellelli89@pcworld.com'),
(299, 'Cull', '$2a$04$Ssu/05kNf97k6.fv.hsCCOnALbNd4vBWlDJ.F6TpacD74hAnf8BTS', 'cmignot8a@usda.gov'),
(300, 'Marga', '$2a$04$mgrzoQKQ5ujUCXLeT4Y1OusbRFBgOia6M7k0ce.nP56/rBfX4P7vS', 'mocarran8b@umich.edu');

-- --------------------------------------------------------

--
-- Struktura tabeli dla tabeli `user_cars`
--

CREATE TABLE `user_cars` (
  `USERID` int(11) NOT NULL,
  `CARBRAND` varchar(100) NOT NULL,
  `CARMODEL` varchar(100) NOT NULL,
  `CARYEAR` year(4) NOT NULL,
  `CARVIN` varchar(17) NOT NULL
) ENGINE=InnoDB DEFAULT CHARSET=utf8mb4 COLLATE=utf8mb4_general_ci;

--
-- Dumping data for table `user_cars`
--

INSERT INTO `user_cars` (`USERID`, `CARBRAND`, `CARMODEL`, `CARYEAR`, `CARVIN`) VALUES
(1, 'Ford', 'ZX2', '2003', 'WBABS53412J947251'),
(2, 'Oldsmobile', 'Bravada', '1994', 'WBA3B3C54EF920358'),
(3, 'Toyota', '4Runner', '2007', '1FTSX2A54AE682294'),
(4, 'Mercury', 'Mystique', '1999', '3G5DA03E03S359763'),
(5, 'Citroën', 'CX', '1974', 'WDDLJ7DB4CA532337'),
(6, 'Chevrolet', 'Camaro', '1971', 'WBAGJ03471D899232'),
(7, 'Dodge', 'Dakota', '2007', '2T1KE4EE8BC484417'),
(8, 'Hyundai', 'Tiburon', '2004', '3GYFNGE37ES746642'),
(9, 'Volkswagen', 'rio', '1999', '5UXZW0C58D0077460'),
(10, 'Volkswagen', 'Golf', '1999', '5UXFE43508L492032'),
(11, 'Volkswagen', 'Type 2', '1990', 'WAUKH98E97A450740'),
(12, 'Jaguar', 'XK Series', '1999', 'WP0AB2A89CU730162'),
(13, 'Mazda', 'Mazda6', '2012', '5N1CR2MN6EC913738'),
(14, 'Chevrolet', 'Astro', '1998', 'WBA3D3C5XFK529198'),
(15, 'Subaru', 'Impreza', '2006', 'YV4952CF3D1912882'),
(16, 'Volvo', 'V70', '2006', 'WAUGL98E67A865132'),
(17, 'Volkswagen', 'Cabriolet', '2000', 'YV1382MW9A2790950'),
(18, 'Pontiac', 'Grand Am', '1989', 'WAUEFBFL9EA371643'),
(19, 'GMC', 'Envoy', '2009', '2C3CDXHG7FH340377'),
(20, 'Pontiac', '6000', '1986', '1FTFW1E88AK661761'),
(21, 'Cadillac', 'Seville', '2003', 'JH4DB75571S391158'),
(22, 'Maybach', '62', '2004', '3C3CFFHH6FT988183'),
(23, 'Bentley', 'Continental Flying Spur', '2010', '1C4RDJDGXEC964460'),
(24, 'Ford', 'E-Series', '2003', '5TDBM5G1XBS345593'),
(25, 'Mercedes-Benz', 'SLK-Class', '2009', '5N1AN0NU2CC900916'),
(26, 'Subaru', 'Impreza', '2012', 'SCFAD02A65G679822'),
(27, 'GMC', 'Savana 3500', '1996', 'WBADS334X1G571450'),
(28, 'Subaru', 'Forester', '2002', 'JM3KE2BE1E0529406'),
(29, 'Toyota', 'Highlander', '2009', 'WBAPK53579A419609'),
(30, 'Volkswagen', 'Passat', '1987', 'WBAYM1C55ED476911'),
(31, 'Buick', 'Park Avenue', '1993', '1G6DG5EY7B0079472'),
(32, 'Audi', 'S4', '2001', '1N6BF0KM7FN235382'),
(33, 'BMW', '325', '2005', 'JN1CV6EK3BM115377'),
(34, 'Dodge', 'Grand Caravan', '1999', '5J8TB4H35GL401048'),
(35, 'Bentley', 'Continental Flying Spur', '2007', 'YV4952CFXE1002471'),
(36, 'Ford', 'Taurus', '2010', '2FMGK5C84FB580778'),
(37, 'Acura', 'TL', '1996', '2C3CCAKG2FH114739'),
(38, 'Honda', 'Element', '2005', 'SALFR2BN6CH594967'),
(39, 'Buick', 'Skylark', '1995', '1D7RV1CT2BS850908'),
(40, 'GMC', 'Vandura G1500', '1995', 'WAUBFCFL2CA494321'),
(41, 'Chevrolet', 'Suburban 1500', '2011', '1FTMF1C8XAK491722'),
(42, 'Infiniti', 'FX', '2009', 'WBAWV13558P496082'),
(43, 'Isuzu', 'Ascender', '2007', 'WAUUL78E86A958935'),
(44, 'Oldsmobile', '88', '1997', 'KNALU4D4XF6246594'),
(45, 'Ford', 'Ranger', '1993', 'YV126MFB5F1384801'),
(46, 'Suzuki', 'Daewoo Magnus', '2006', '4USCN53412L185651'),
(47, 'Chevrolet', '1500', '1994', '3N1BC1CP3CK616256'),
(48, 'Dodge', 'Charger', '2006', '4F2CY0C75AK275321'),
(49, 'Dodge', 'Ram 3500', '2004', '1GD312CG7DF912301'),
(50, 'Bentley', 'Azure', '2006', '4A4AP3AUXFE740646'),
(51, 'Hyundai', 'Accent', '1997', '5N1AA0NC3DN055860'),
(52, 'Mercedes-Benz', 'S-Class', '2000', 'WA1YD64B33N049071'),
(53, 'Mercedes-Benz', 'M-Class', '2007', '5LMJJ3J52DE192875'),
(54, 'Dodge', 'Dakota', '2008', 'JN1CV6EK1DM406754'),
(55, 'Pontiac', '6000', '1985', '19VDE1F50FE642609'),
(56, 'Cadillac', 'Escalade', '2010', 'WBAEA5C54AC409560'),
(57, 'Lotus', 'Exige', '2009', '1G6AF5S39E0939164'),
(58, 'Mitsubishi', 'Mirage', '1999', 'WUAW2BFC1FN465967'),
(59, 'Mitsubishi', 'Truck', '1993', '4T1BF1FK9CU314356'),
(60, 'Chevrolet', 'S10', '1995', 'WAUDFAFL2DN704956'),
(61, 'Nissan', 'Xterra', '2007', 'JA32U2FU4EU989986'),
(62, 'Ford', 'F150', '1995', 'WAUDT48H15K619435'),
(63, 'Toyota', 'Tundra', '2004', '1D7RV1CT0BS513640'),
(64, 'GMC', '3500 Club Coupe', '1998', '5J6TF1H52EL768094'),
(65, 'GMC', 'Vandura 2500', '1992', '4T1BK1EB5FU503720'),
(66, 'Ford', 'Thunderbird', '1988', '4T1BB3EK9BU531798'),
(67, 'Ford', 'F250', '1994', 'WBAPL33599A365408'),
(68, 'BMW', 'M3', '2004', 'WAUGF98K09A664424'),
(69, 'Mazda', 'Miata MX-5', '1993', '2G4GT5GX0F9892394'),
(70, 'Mitsubishi', 'Eclipse', '1991', 'JTDKN3DU4A0275784'),
(71, 'Mercury', 'Grand Marquis', '1993', '5NPDH4AE6FH784899'),
(72, 'Infiniti', 'I', '1996', 'JM3ER2W32A0714472'),
(73, 'Lexus', 'LX', '2001', '5UXKR2C54F0551444'),
(74, 'Porsche', '928', '1987', '1G6AB5S34F0781300'),
(75, 'Pontiac', 'Firebird', '1997', '19XFA1E84AE523462'),
(76, 'Pontiac', 'Monterey', '2005', 'TRUXD38JX91704463'),
(77, 'Lexus', 'ES', '1994', '1N6AF0LX7EN230542'),
(78, 'Mercedes-Benz', '500SEL', '1993', 'JM3TB2BA3C0499073'),
(79, 'Land Rover', 'LR2', '2012', 'WBALM5C54AE734566'),
(80, 'Ferrari', '458 Italia', '2010', 'WAUEF78EX8A617437'),
(81, 'Holden', 'Monaro', '2004', '3VW1K7AJ9CM596691'),
(82, 'Toyota', 'Camry Hybrid', '2010', '3VWF17AT8FM809127'),
(83, 'Dodge', 'Stratus', '2003', 'WVGAV7AX5CW802423'),
(84, 'Hyundai', 'Excel', '1993', '1G6AB5RA6F0642838'),
(85, 'Toyota', 'TundraMax', '2012', 'JM1BL1L30C1946822'),
(86, 'Nissan', 'Maxima', '1992', '1FTWX3B57AE536610'),
(87, 'Mitsubishi', 'Mirage', '1999', 'WDDGF4HBXDG090173'),
(88, 'Pontiac', 'Grand Prix', '1970', 'WAUVT68E94A455829'),
(89, 'Dodge', 'D350 Club', '1993', 'WDDNG7DB6CA675684'),
(90, 'Honda', 'Civic', '2012', 'WDDLJ7GB2FA936804'),
(91, 'Dodge', 'Caliber', '2012', '5N1AA0NC3BN157558'),
(92, 'Oldsmobile', 'Ciera', '1996', 'WP1AA2A27BL574184'),
(93, 'Toyota', 'Tercel', '1997', 'WBAYP1C50ED444245'),
(94, 'Pontiac', 'Bonneville', '1987', 'WBALM7C51CE917907'),
(95, 'Hyundai', 'Accent', '1996', '3GTXKYEJ1AG021638'),
(96, 'Isuzu', 'Amigo', '1992', 'WP0CA2A83BU655372'),
(97, 'Chrysler', 'Crossfire Roadster', '2006', 'WBASP4C52BC354328'),
(98, 'Toyota', 'Previa', '1995', 'KMHGH4JF9BU336402'),
(99, 'Saab', '900', '1991', '1FMCU0F77FU149862'),
(100, 'Ford', 'Mustang', '1987', '1G4HP54K74U483603'),
(101, 'Chevrolet', 'G-Series 1500', '1998', '3D73Y4HL2AG518710'),
(102, 'Jeep', 'Patriot', '2010', 'SCBFU7ZA5FC856973'),
(103, 'Ford', 'Ranger', '1993', '2G4WS52J321847931'),
(104, 'Lexus', 'LS', '1993', '1GYUKAEF6AR306111'),
(105, 'Ford', 'Ranger', '1993', '1G6AE5SX1D0201699'),
(106, 'Chevrolet', 'Tahoe', '2001', '5N1AA0NC4FN895889'),
(107, 'Dodge', 'Magnum', '2008', 'JTJBC1BA9E2935554'),
(108, 'Dodge', 'Durango', '2001', '5LMCJ1A98FU002747'),
(109, 'BMW', '525', '2006', '3C4PDDEG2DT180462'),
(110, 'Mercedes-Benz', 'CL-Class', '2007', 'W04GX5GV6B1821054'),
(111, 'Chevrolet', 'Camaro', '1972', 'WBA3N3C56FK114442'),
(112, 'Dodge', 'Ram Wagon B250', '1992', 'WBAFV3C55ED053827'),
(113, 'Chrysler', 'Crossfire', '2006', 'WAULV94E48N508363'),
(114, 'Suzuki', 'Esteem', '1999', '1N6AD0CU1EN247834'),
(115, 'Toyota', 'Sienna', '2012', '3C6TD5DT6CG077773'),
(116, 'Pontiac', 'Grand Prix', '1967', 'SALGR2VFXFA831031'),
(117, 'Jeep', 'Wrangler', '2002', 'WAUJT54B92N057417'),
(118, 'Porsche', '911', '2004', 'WBA5A7C50ED773616'),
(119, 'Volkswagen', 'Fox', '1989', 'WAUDF78E98A296325'),
(120, 'Audi', 'V8', '1992', 'WAUNF98PX8A740782'),
(121, 'BMW', '530', '2007', '1YVHZ8BH8C5947041'),
(122, 'Dodge', 'Charger', '2008', '1GYS4CEF5CR220515'),
(123, 'BMW', '7 Series', '2010', '5J6TF3H55FL843318'),
(124, 'Ford', 'Flex', '2010', 'WBA3D3C52EK244509'),
(125, 'Toyota', 'Solara', '2002', '2C3CDYAG7EH100597'),
(126, 'Mitsubishi', 'Raider', '2008', 'WAUEF78E38A632667'),
(127, 'Ferrari', 'F430', '2007', '5NPDH4AEXDH474879'),
(128, 'Buick', 'Roadmaster', '1993', 'WA1VMAFE2CD234392'),
(129, 'GMC', 'Sierra 2500', '2011', '1G4PP5SK9C4227413'),
(130, 'Audi', 'A6', '2006', '1GYS3HEF7BR876147'),
(131, 'Ford', 'Escort', '1995', '1G6DX67D670381486'),
(132, 'Chevrolet', 'Express 2500', '1996', '1FMEU8DEXAU993766'),
(133, 'Dodge', 'Ram Van 1500', '2001', '1N6AA0CAXCN524055'),
(134, 'Ford', 'Ranger', '1997', '5FPYK1F55EB947556'),
(135, 'Mazda', 'Mazda5', '2012', '1G4HP52KX3U177299'),
(136, 'Mercedes-Benz', '300D', '1992', 'WBA3V9C59FP223189'),
(137, 'Mazda', 'B-Series', '1994', 'WP0CB2A89CS513229'),
(138, 'Saturn', 'Outlook', '2008', '1G6DJ8E37D0192977'),
(139, 'GMC', 'Jimmy', '1998', 'WAULT68E64A925791'),
(140, 'Pontiac', 'Sunfire', '2000', '1FMCU0E78AK379948'),
(141, 'Ford', 'Freestar', '2004', '19UYA42751A350187'),
(142, 'Dodge', 'Ram 2500', '2006', '1G6DG5EY6B0818718'),
(143, 'Land Rover', 'Freelander', '2004', '5NPEB4AC9CH962708'),
(144, 'Chevrolet', 'Astro', '1999', 'JHMZE2H58DS299413'),
(145, 'Hyundai', 'XG350', '2004', 'WAUMGAFLXCA020286'),
(146, 'Chevrolet', 'Astro', '2004', 'WBA3N3C5XEK050792'),
(147, 'GMC', '3500 Club Coupe', '1997', 'WAUFMAFC8FN140425'),
(148, 'Volvo', 'V50', '2008', '1C3ADEAZ7DV270276'),
(149, 'Jeep', 'Wrangler', '1992', '1G4CW54K834521223'),
(150, 'Chrysler', 'Sebring', '2002', '2HNYD18856H604777'),
(151, 'Pontiac', 'GTO', '1970', '5YMGZ0C54BL392713'),
(152, 'Audi', 'RS6', '2003', '1FTEX1C80AF477760'),
(153, 'Ford', 'Explorer', '1992', 'WDDGF4HB8EG528898'),
(154, 'Nissan', 'Quest', '2005', '5GAKRCKD2DJ709790'),
(155, 'Mazda', 'MPV', '1990', '5XYKT3A10BG208448'),
(156, 'Ferrari', '612 Scaglietti', '2010', '1G6DP5ED5B0114684'),
(157, 'Jaguar', 'XJ Series', '2003', '1NXBU4EE2AZ542165'),
(158, 'Mercedes-Benz', '500SL', '1993', '4USDU53467L417000'),
(159, 'Toyota', 'Solara', '1999', 'WBAGL63534D864830'),
(160, 'Lamborghini', 'Gallardo', '2006', 'KL4CJHSB1EB943124'),
(161, 'Volkswagen', 'GTI', '2009', '1GYS4EEJ2BR997376'),
(162, 'GMC', 'Suburban 1500', '1998', 'WAUFFAFM2AA203585'),
(163, 'Volvo', 'V50', '2006', 'JHMFA3F23AS296069'),
(164, 'Lexus', 'ES', '2012', '1N6AF0LX9FN285382'),
(165, 'Dodge', 'Ram 2500', '2004', 'WBAPM735X9A383811'),
(166, 'Mitsubishi', 'Cordia', '1988', 'WAULD64BX2N338279'),
(167, 'Ford', 'Thunderbird', '1989', '19UUA8F76DA342250'),
(168, 'Lotus', 'Exige', '2006', '5UXKS4C5XF0630004'),
(169, 'Jaguar', 'XF', '2010', '2G61T5S36D9434731'),
(170, 'Mercedes-Benz', 'M-Class', '2011', 'WAUDN74F68N437684'),
(171, 'Mitsubishi', 'Truck', '1994', 'WBA3A5G56DN975939'),
(172, 'Cadillac', 'STS-V', '2009', '19UYA42443A590744'),
(173, 'GMC', 'Yukon XL 2500', '2002', 'JTHBL5EF2F5191702'),
(174, 'Hyundai', 'Accent', '1997', 'SALGR2WF5EA017009'),
(175, 'Mazda', 'CX-7', '2011', '1G4CW54K644142464'),
(176, 'Subaru', 'Forester', '2000', 'WDDEJ7GB2BA851545'),
(177, 'Subaru', 'Legacy', '2008', 'SAJWA0F74F8570526'),
(178, 'Hyundai', 'Santa Fe', '2008', '1G6AJ5SX9E0850809'),
(179, 'Aston Martin', 'Rapide', '2012', 'WAULL44E16N696524'),
(180, 'Ford', 'Probe', '1997', 'WBAEA53569C130087'),
(181, 'Volkswagen', 'GTI', '2011', '1D7RB1GT2BS812307'),
(182, 'Pontiac', 'Firebird', '1990', '1FTEW1CW2AK418492'),
(183, 'Volkswagen', 'Golf', '2005', 'WBAYA8C56FG054065'),
(184, 'Ferrari', '458 Italia', '2010', '1G4CU541514094593'),
(185, 'Suzuki', 'Reno', '2008', '3N1CN7AP6DL017268'),
(186, 'Volvo', 'V40', '2001', '2C3CCASG3DH902877'),
(187, 'Chevrolet', 'Suburban 1500', '2010', 'WAULFAFHXEN526917'),
(188, 'BMW', '745', '2005', 'SCBFR7ZA9DC872916'),
(189, 'Mitsubishi', 'Eclipse', '2002', 'WBA4C9C51FG878411'),
(190, 'Toyota', 'Celica', '1996', 'SAJWA6BU7F8035799'),
(191, 'Ford', 'F150', '2010', '4T1BF1FK9EU841252'),
(192, 'GMC', 'Sonoma Club Coupe', '1995', 'WAUPN94E68N863214'),
(193, 'Chevrolet', 'Sportvan G30', '1996', '1GYEC63878R248913'),
(194, 'Dodge', 'Durango', '2001', '1FTEW1CM8BK454719'),
(195, 'Mercury', 'Cougar', '1987', '1N6AA0CJ9FN263618'),
(196, 'Porsche', 'Boxster', '2004', 'WAUCFAFR3DA284812'),
(197, 'Porsche', 'Boxster', '2003', '1C3CDFBBXED102414'),
(198, 'Kia', 'Sorento', '2005', '3C3CFFAR2DT149941'),
(199, 'BMW', 'Z3', '1997', '1C4SDJCT0CC927852'),
(200, 'Isuzu', 'i-370', '2008', 'WAUR2AFD1EN297675'),
(201, 'Mitsubishi', 'Expo', '1995', 'WBALL5C56DE675902'),
(202, 'GMC', 'Yukon XL 1500', '2013', '5J8TB1H2XCA870079'),
(203, 'Ford', 'Club Wagon', '1994', '1D7RE2BKXBS762624'),
(204, 'Lexus', 'LX', '2011', 'ZFBCFAAH2EZ182568'),
(205, 'Nissan', 'Maxima', '1992', 'WBA4A5C51FG888953'),
(206, 'Nissan', 'Quest', '2000', 'JN1AZ4FH8FM248774'),
(207, 'Ford', 'Escort', '1984', 'WAULT54B34N138294'),
(208, 'Dodge', 'Dakota Club', '1993', 'JTHBL5EF9F1591621'),
(209, 'Chrysler', '200', '2012', 'WAUMGAFL4CA039674'),
(210, 'Pontiac', 'Firebird', '1987', '1ZVBP8AM3E5805096'),
(211, 'Land Rover', 'Range Rover', '2006', '1G4HE5EM8AU218870'),
(212, 'Lexus', 'ES', '2011', '3N1CN7AP6DL352479'),
(213, 'Mazda', 'Protege5', '2002', 'JN1BY1PR2FM668334'),
(214, 'Plymouth', 'Voyager', '1995', 'WAUDH94F87N566334'),
(215, 'Chevrolet', 'Express 2500', '2003', 'WBADT33443G020642'),
(216, 'Saab', '9000', '1986', 'JN8AF5MR9FT452985'),
(217, 'GMC', 'Envoy XL', '2003', '1G6DM577X90751628'),
(218, 'Honda', 'Fit', '2007', 'WBAPM7G59AN220641'),
(219, 'Lexus', 'GS', '2008', '4JGBB9FBXAA113171'),
(220, 'Dodge', 'Ram 3500', '2010', 'WBA3N7C51EF136475'),
(221, 'Suzuki', 'SJ', '1987', 'YV140MAK5F1630067'),
(222, 'Buick', 'Riviera', '1987', 'WAUSF78E66A662522'),
(223, 'Mercedes-Benz', 'R-Class', '2006', '4A31K2DF4AE753153'),
(224, 'Mercedes-Benz', 'E-Class', '2000', 'YV1382MS3A2836768'),
(225, 'Saab', '900', '1987', 'JH4NA12632T359112'),
(226, 'Cadillac', 'Seville', '2003', 'WAULD64B74N962169'),
(227, 'Land Rover', 'Range Rover Evoque', '2012', '1GD311CG3FF128825'),
(228, 'GMC', 'Acadia', '2010', '2FMDK3JC8AB545295'),
(229, 'Mazda', 'B-Series', '2006', 'WBA3V9C54EP351368'),
(230, 'Honda', 'Ridgeline', '2011', 'WAUYGAFC7CN839525'),
(231, 'Audi', 'A5', '2012', '5FPYK1F29BB933015'),
(232, 'Mitsubishi', 'Galant', '1997', 'WAUKD98P26A527153'),
(233, 'Cadillac', 'Seville', '1992', '1G6DH5EG7A0237103'),
(234, 'Dodge', 'Intrepid', '1995', 'JH4KC1F38EC622275'),
(235, 'Dodge', 'Ram Wagon B150', '1994', '1G4GA5ER4CF778248'),
(236, 'Mercedes-Benz', 'Sprinter 3500', '2012', 'WA1YD54B55N194691'),
(237, 'Ford', 'F250', '1994', '1C4RJEAGXCC162380'),
(238, 'Chevrolet', 'Monte Carlo', '1999', 'WBADX1C50BE817255'),
(239, 'Cadillac', 'Escalade EXT', '2007', 'WA1YD54B42N618776'),
(240, 'Aston Martin', 'DBS', '2008', '5N1AN0NU6FN289975'),
(241, 'Ford', 'Laser', '1985', 'JTHBP5C27B5902180'),
(242, 'Acura', 'MDX', '2009', '2B3CJ5DT4BH380620'),
(243, 'Ford', 'E-Series', '1991', 'ZHWGU5BZ4CL925614'),
(244, 'Toyota', 'Camry Solara', '2007', '3N1CN7AP8FL955730'),
(245, 'Audi', 'S6', '2003', 'WUADNAFG7BN387491'),
(246, 'Chevrolet', 'Equinox', '2011', '1N4AA5APXEC130681'),
(247, 'Acura', 'NSX', '2001', 'WBANB33555C714427'),
(248, 'Hyundai', 'Equus', '2011', 'WBADR63413G544704'),
(249, 'Ford', 'Explorer Sport', '2000', '1FTWX3A54AE817412'),
(250, 'BMW', '330', '2006', 'WBA1J7C53FV774494'),
(251, 'Mercury', 'Grand Marquis', '1994', 'WBAUU335X9A925579'),
(252, 'Buick', 'Century', '2000', 'WBA3B3C5XDJ420460'),
(253, 'Volkswagen', 'GTI', '2000', '1GYFC16229R691325'),
(254, 'Volvo', 'S60', '2012', '2HNYD18984H781264'),
(255, 'Volvo', 'C70', '1999', '1G6DP57V680596760'),
(256, 'Toyota', 'Camry', '2010', '4JGDA2EB6DA070179'),
(257, 'Infiniti', 'Q', '2006', 'WAUHFAFL7BN149002'),
(258, 'Toyota', 'Sienna', '2000', 'JHMGE8G34DC970810'),
(259, 'Maybach', '57', '2003', '1G6AZ5SX6E0150027'),
(260, 'Mitsubishi', 'Endeavor', '2004', '2GKALMEKXC6500762'),
(261, 'Isuzu', 'Space', '1994', '2C3CCAPG8DH026719'),
(262, 'Audi', 'S4', '2006', 'JN8AF5MR7DT633225'),
(263, 'Audi', '5000S', '1988', 'WBAPM5C59BF182415'),
(264, 'GMC', 'Yukon XL 2500', '2008', 'SALSF2D41CA843082'),
(265, 'Ford', 'F350', '1994', 'WAUKGAFB2BN004492'),
(266, 'GMC', 'Sierra', '2009', '1YVHZ8BH9C5467249'),
(267, 'Lamborghini', 'Diablo', '1996', 'WAUEH48H47K084710'),
(268, 'Infiniti', 'G35', '2008', 'WAUVVAFR4AA343325'),
(269, 'Citroën', 'CX', '1974', 'WBA4B1C56FG430752'),
(270, 'Volkswagen', 'Golf', '1988', '2LMHJ5AR8BB647631'),
(271, 'Buick', 'Hearse', '1996', 'WBAFR1C55BC295432'),
(272, 'Aptera', 'Type-1h', '2010', 'WBA3B3C54EJ528039'),
(273, 'Mercury', 'Grand Marquis', '2005', '1G6KD57Y89U712741'),
(274, 'Lexus', 'GX', '2009', '5J6TF1H52EL333270'),
(275, 'Toyota', 'Sequoia', '2011', '3VWPG3AG2AM895011'),
(276, 'Pontiac', 'Bonneville', '1968', 'WAUHGAFC0EN897821'),
(277, 'Mazda', 'Miata MX-5', '2012', '2FMHK6CT5AB884080'),
(278, 'Toyota', 'Camry', '2005', '3VW4A7AT3DM002521'),
(279, 'Acura', 'TL', '1999', 'WA1DGAFE7FD200715'),
(280, 'Mitsubishi', 'Chariot', '1995', '1GKS1CKJ3FR822863'),
(281, 'Aston Martin', 'Vanquish S', '2005', '5TDBKRFH5ES478679'),
(282, 'Dodge', 'Grand Caravan', '2011', 'WBAVB13576P073280'),
(283, 'Honda', 'Odyssey', '1997', '1FTEX1CM0CF878550'),
(284, 'Subaru', 'Impreza', '1993', 'WBAVB73557K718431'),
(285, 'GMC', '1500 Club Coupe', '1999', 'KMHTC6AD9EU700491'),
(286, 'Chevrolet', 'Express', '2010', 'SAJWA2GT1EM925486'),
(287, 'Panoz', 'Esperante', '2006', '1G4GB5ER7CF816651'),
(288, 'Mercury', 'Capri', '1984', 'JN1AJ0HP0AM352432'),
(289, 'Subaru', 'Impreza', '2012', '2C3CCASG0FH704762'),
(290, 'Chevrolet', 'TrailBlazer', '2004', '5LMJJ2H52AE058752'),
(291, 'GMC', 'Sierra', '2009', 'SAJWA4DC6AM845708'),
(292, 'Nissan', 'Altima', '1993', '5GAKRCED7CJ530266'),
(293, 'Toyota', 'Tacoma Xtra', '1998', 'WAUCVAFR1AA840971'),
(294, 'Mercedes-Benz', 'G-Class', '2002', '1G6KD57Y09U315539'),
(295, 'Land Rover', 'Discovery', '2006', 'JH4CU2F82EC894338'),
(296, 'Audi', '90', '1993', 'WBA6B2C58FD399911'),
(297, 'Mitsubishi', 'Montero Sport', '2001', '1N6AF0LX7EN946910'),
(298, 'Maserati', 'Biturbo', '1987', '1N6AF0KX1EN304569'),
(299, 'Hyundai', 'Sonata', '2006', 'YV1902AH0C1534003'),
(300, 'Dodge', 'Ram 1500', '2005', '1N6AF0LY7EN255997');

-- --------------------------------------------------------

--
-- Struktura tabeli dla tabeli `user_company`
--

CREATE TABLE `user_company` (
  `USERID` int(11) NOT NULL,
  `COMPANYNAME` varchar(255) NOT NULL,
  `CURR` varchar(10) NOT NULL,
  `MONEY` decimal(15,2) NOT NULL DEFAULT 0.00
) ENGINE=InnoDB DEFAULT CHARSET=utf8mb4 COLLATE=utf8mb4_general_ci;

--
-- Dumping data for table `user_company`
--

INSERT INTO `user_company` (`USERID`, `COMPANYNAME`, `CURR`, `MONEY`) VALUES
(1, 'Jaxspan', 'Rupiah', 0.00),
(2, 'Wordware', 'Pound', 0.00),
(3, 'Bluejam', 'Dollar', 0.00),
(4, 'Kaymbo', 'Yuan Renmi', 0.00),
(5, 'Skimia', 'Kuna', 0.00),
(6, 'Feedbug', 'Franc', 0.00),
(7, 'Gigashots', 'Peso', 0.00),
(8, 'Meeveo', 'Krone', 0.00),
(9, 'Edgeblab', 'Yuan Renmi', 0.00),
(10, 'Twitterworks', 'Peso', 0.00),
(11, 'Feedspan', 'Franc', 0.00),
(12, 'Yambee', 'Euro', 0.00),
(13, 'Mynte', 'Zloty', 0.00),
(14, 'Youspan', 'Rupiah', 0.00),
(15, 'Twitternation', 'Kuna', 0.00),
(16, 'Devcast', 'Ruble', 0.00),
(17, 'Babbleblab', 'Ruble', 0.00),
(18, 'DabZ', 'Rupiah', 0.00),
(19, 'Browsedrive', 'Yen', 0.00),
(20, 'Voonix', 'Quetzal', 0.00),
(21, 'Meezzy', 'Kwacha', 0.00),
(22, 'Mita', 'Yuan Renmi', 0.00),
(23, 'Oyondu', 'Boliviano', 0.00),
(24, 'Myworks', 'Rupee', 0.00),
(25, 'Topiczoom', 'Rupiah', 0.00),
(26, 'Topicblab', 'Euro', 0.00),
(27, 'Browsetype', 'Rupiah', 0.00),
(28, 'Riffpedia', 'Yuan Renmi', 0.00),
(29, 'Kwinu', 'Rupiah', 0.00),
(30, 'Demimbu', 'Peso', 0.00),
(31, 'Yoveo', 'Yuan Renmi', 0.00),
(32, 'Livetube', 'Litas', 0.00),
(33, 'Zoomzone', 'Franc', 0.00),
(34, 'Abata', 'Euro', 0.00),
(35, 'Browseblab', 'Sol', 0.00),
(36, 'Avavee', 'Dirham', 0.00),
(37, 'Flashpoint', 'Zloty', 0.00),
(38, 'Lajo', 'Dirham', 0.00),
(39, 'Wikivu', 'Yuan Renmi', 0.00),
(40, 'Katz', 'Yuan Renmi', 0.00),
(41, 'Wordpedia', 'Euro', 0.00),
(42, 'Dynabox', 'Baht', 0.00),
(43, 'Zoozzy', 'Rupiah', 0.00),
(44, 'Jetpulse', 'Rial', 0.00),
(45, 'Realcube', 'Euro', 0.00),
(46, 'Blogspan', 'Dram', 0.00),
(47, 'Ooba', 'Hryvnia', 0.00),
(48, 'Yozio', 'Peso', 0.00),
(49, 'Zoomdog', 'Peso', 0.00),
(50, 'Browsedrive', 'Rupiah', 0.00),
(51, 'Midel', 'Peso', 0.00),
(52, 'Kwimbee', 'Real', 0.00),
(53, 'Yozio', 'Yuan Renmi', 0.00),
(54, 'Voonix', 'Euro', 0.00),
(55, 'Zoovu', 'Yen', 0.00),
(56, 'Ozu', 'Real', 0.00),
(57, 'Fatz', 'Real', 0.00),
(58, 'Pixonyx', 'Peso', 0.00),
(59, 'Buzzster', 'Dollar', 0.00),
(60, 'Avamm', 'Sol', 0.00),
(61, 'Linkbridge', 'Peso', 0.00),
(62, 'Rhycero', 'Peso', 0.00),
(63, 'Tanoodle', 'Franc', 0.00),
(64, 'Trudeo', 'Marka', 0.00),
(65, 'Minyx', 'Yuan Renmi', 0.00),
(66, 'Yodel', 'Lev', 0.00),
(67, 'Brightbean', 'Dollar', 0.00),
(68, 'Innotype', 'Yuan Renmi', 0.00),
(69, 'Twimbo', 'Zloty', 0.00),
(70, 'Twimbo', 'Real', 0.00),
(71, 'Minyx', 'Ariary', 0.00),
(72, 'Jabbersphere', 'Yuan Renmi', 0.00),
(73, 'Jaxspan', 'Euro', 0.00),
(74, 'Camimbo', 'Yen', 0.00),
(75, 'Jayo', 'Rupiah', 0.00),
(76, 'Jaloo', 'Euro', 0.00),
(77, 'Topicware', 'Hryvnia', 0.00),
(78, 'Demivee', 'Yen', 0.00),
(79, 'Feedspan', 'Yuan Renmi', 0.00),
(80, 'Linkbuzz', 'Baht', 0.00),
(81, 'Kwilith', 'Zloty', 0.00),
(82, 'Zazio', 'Koruna', 0.00),
(83, 'Yodel', 'Zloty', 0.00),
(84, 'Bubblebox', 'Peso', 0.00),
(85, 'Photofeed', 'Yuan Renmi', 0.00),
(86, 'Agimba', 'Ruble', 0.00),
(87, 'Browsebug', 'Lev', 0.00),
(88, 'Skyble', 'Yuan Renmi', 0.00),
(89, 'Chatterpoint', 'Euro', 0.00),
(90, 'Devpoint', 'Real', 0.00),
(91, 'Voolia', 'Shilling', 0.00),
(92, 'Aimbo', 'Dollar', 0.00),
(93, 'Omba', 'Lev', 0.00),
(94, 'Avamm', 'Dollar', 0.00),
(95, 'Eazzy', 'Euro', 0.00),
(96, 'Dabvine', 'Real', 0.00),
(97, 'Mynte', 'Euro', 0.00),
(98, 'Midel', 'Real', 0.00),
(99, 'Dabtype', 'Rupiah', 0.00),
(100, 'Photobug', 'Rupiah', 0.00),
(101, 'Flashspan', 'Dong', 0.00),
(102, 'Dabjam', 'Krona', 0.00),
(103, 'Browsezoom', 'Sol', 0.00),
(104, 'Youspan', 'Ruble', 0.00),
(105, 'Pixoboo', 'Somoni', 0.00),
(106, 'Edgewire', 'Yuan Renmi', 0.00),
(107, 'Midel', 'Yen', 0.00),
(108, 'Jaxspan', 'Kwacha', 0.00),
(109, 'Mydo', 'Peso', 0.00),
(110, 'Teklist', 'Litas', 0.00),
(111, 'Skivee', 'Yuan Renmi', 0.00),
(112, 'Oba', 'Peso', 0.00),
(113, 'Dabvine', 'Ruble', 0.00),
(114, 'Tanoodle', 'Peso', 0.00),
(115, 'Yakijo', 'Ruble', 0.00),
(116, 'Shuffletag', 'Shilling', 0.00),
(117, 'Dynazzy', 'Yuan Renmi', 0.00),
(118, 'Brainlounge', 'Koruna', 0.00),
(119, 'Skinix', 'Bolivar', 0.00),
(120, 'Jayo', 'Baht', 0.00),
(121, 'Eayo', 'Yen', 0.00),
(122, 'Yambee', 'Yuan Renmi', 0.00),
(123, 'Roodel', 'Yuan Renmi', 0.00),
(124, 'Yakijo', 'Euro', 0.00),
(125, 'Tagfeed', 'Rupiah', 0.00),
(126, 'Kazu', 'Yuan Renmi', 0.00),
(127, 'Latz', 'Yuan Renmi', 0.00),
(128, 'Vinder', 'Euro', 0.00),
(129, 'Meetz', 'Peso', 0.00),
(130, 'Camimbo', 'Pound', 0.00),
(131, 'Devpulse', 'Krona', 0.00),
(132, 'Yozio', 'Yuan Renmi', 0.00),
(133, 'Chatterpoint', 'Peso', 0.00),
(134, 'Edgewire', 'Rupiah', 0.00),
(135, 'Dynava', 'Rupiah', 0.00),
(136, 'Vitz', 'Peso', 0.00),
(137, 'Demimbu', 'Real', 0.00),
(138, 'Jamia', 'Peso', 0.00),
(139, 'Tagfeed', 'Euro', 0.00),
(140, 'Voomm', 'Yuan Renmi', 0.00),
(141, 'Skaboo', 'Ruble', 0.00),
(142, 'Jabberbean', 'Rupiah', 0.00),
(143, 'Tazzy', 'Krona', 0.00),
(144, 'Shuffletag', 'Euro', 0.00),
(145, 'Aibox', 'Euro', 0.00),
(146, 'DabZ', 'Ruble', 0.00),
(147, 'Rhybox', 'Zloty', 0.00),
(148, 'Twimbo', 'Dirham', 0.00),
(149, 'Gigashots', 'Franc', 0.00),
(150, 'Devcast', 'Franc', 0.00),
(151, 'Topicstorm', 'Franc', 0.00),
(152, 'Mycat', 'Euro', 0.00),
(153, 'Jayo', 'Dollar', 0.00),
(154, 'Quire', 'Rupiah', 0.00),
(155, 'Tagopia', 'Hryvnia', 0.00),
(156, 'Quimm', 'Yuan Renmi', 0.00),
(157, 'Avamba', 'Koruna', 0.00),
(158, 'Jaxbean', 'Zloty', 0.00),
(159, 'Minyx', 'Dollar', 0.00),
(160, 'Podcat', 'Rupiah', 0.00),
(161, 'Thoughtstorm', 'Peso', 0.00),
(162, 'Abatz', 'Ruble', 0.00),
(163, 'Devshare', 'Afghani', 0.00),
(164, 'Zoozzy', 'Euro', 0.00),
(165, 'Twitternation', 'Sol', 0.00),
(166, 'Avavee', 'Rupiah', 0.00),
(167, 'Pixope', 'Krona', 0.00),
(168, 'Brainsphere', 'Rupiah', 0.00),
(169, 'Kayveo', 'Real', 0.00),
(170, 'Jetwire', 'Rupiah', 0.00),
(171, 'Fiveclub', 'Rupiah', 0.00),
(172, 'Tagchat', 'Rupiah', 0.00),
(173, 'Jaxspan', 'Yuan Renmi', 0.00),
(174, 'Tavu', 'Rupiah', 0.00),
(175, 'Demivee', 'Euro', 0.00),
(176, 'Skyba', 'Yuan Renmi', 0.00),
(177, 'Tazz', 'Pula', 0.00),
(178, 'Mita', 'Ruble', 0.00),
(179, 'Realbuzz', 'Krone', 0.00),
(180, 'Gabcube', 'Krone', 0.00),
(181, 'Linktype', 'Peso', 0.00),
(182, 'Browsebug', 'Hryvnia', 0.00),
(183, 'Trunyx', 'Ruble', 0.00),
(184, 'Dablist', 'Peso', 0.00),
(185, 'Midel', 'Euro', 0.00),
(186, 'Demivee', 'Rupiah', 0.00),
(187, 'Gabvine', 'Yen', 0.00),
(188, 'Yakijo', 'Euro', 0.00),
(189, 'Oloo', 'Euro', 0.00),
(190, 'Thoughtstorm', 'Krona', 0.00),
(191, 'Twimm', 'Peso', 0.00),
(192, 'Trupe', 'Yen', 0.00),
(193, 'Jabberstorm', 'Peso', 0.00),
(194, 'Realmix', 'Baht', 0.00),
(195, 'Fivespan', 'Euro', 0.00),
(196, 'Shuffletag', 'Yen', 0.00),
(197, 'Npath', 'Yuan Renmi', 0.00),
(198, 'Bubblebox', 'Yuan Renmi', 0.00),
(199, 'Yoveo', 'Ruble', 0.00),
(200, 'Devcast', 'Boliviano', 0.00),
(201, 'Meeveo', 'Euro', 0.00),
(202, 'Omba', 'Lev', 0.00),
(203, 'Cogilith', 'Yuan Renmi', 0.00),
(204, 'Zoombeat', 'Dollar', 0.00),
(205, 'Linkbuzz', 'Rupiah', 0.00),
(206, 'Oyondu', 'Peso', 0.00),
(207, 'Trupe', 'Sol', 0.00),
(208, 'Meembee', 'Yuan Renmi', 0.00),
(209, 'Photolist', 'Rupiah', 0.00),
(210, 'Zoomlounge', 'Real', 0.00),
(211, 'Oyondu', 'Yuan Renmi', 0.00),
(212, 'Babblestorm', 'Ruble', 0.00),
(213, 'Babbleset', 'Yuan Renmi', 0.00),
(214, 'Photofeed', 'Rupiah', 0.00),
(215, 'Topiczoom', 'Yuan Renmi', 0.00),
(216, 'Skibox', 'Rupiah', 0.00),
(217, 'Skyndu', 'Peso', 0.00),
(218, 'Trunyx', 'Dinar', 0.00),
(219, 'Digitube', 'Som', 0.00),
(220, 'Vimbo', 'Peso', 0.00),
(221, 'Zoonoodle', 'Krona', 0.00),
(222, 'Zoonoodle', 'Yuan Renmi', 0.00),
(223, 'Tekfly', 'Peso', 0.00),
(224, 'Jamia', 'Euro', 0.00),
(225, 'Jazzy', 'Sol', 0.00),
(226, 'Eabox', 'Rupiah', 0.00),
(227, 'Viva', 'Peso', 0.00),
(228, 'Twimm', 'Rupiah', 0.00),
(229, 'Eimbee', 'Peso', 0.00),
(230, 'Zooxo', 'Bolivar', 0.00),
(231, 'Roombo', 'Balboa', 0.00),
(232, 'Skynoodle', 'Yuan Renmi', 0.00),
(233, 'Dynava', 'Krona', 0.00),
(234, 'Demizz', 'Koruna', 0.00),
(235, 'Zoozzy', 'Sol', 0.00),
(236, 'Yodel', 'Rupiah', 0.00),
(237, 'Jabbertype', 'Yuan Renmi', 0.00),
(238, 'Brightdog', 'Boliviano', 0.00),
(239, 'Zazio', 'Yuan Renmi', 0.00),
(240, 'Voonyx', 'Naira', 0.00),
(241, 'Oyoyo', 'Litas', 0.00),
(242, 'Browsebug', 'Naira', 0.00),
(243, 'Eimbee', 'Euro', 0.00),
(244, 'Oyondu', 'Yuan Renmi', 0.00),
(245, 'Bubblemix', 'Peso', 0.00),
(246, 'Cogibox', 'Peso', 0.00),
(247, 'Eazzy', 'Real', 0.00),
(248, 'Skiba', 'Shilling', 0.00),
(249, 'Zoonder', 'Rupiah', 0.00),
(250, 'Kaymbo', 'Nakfa', 0.00),
(251, 'Oozz', 'Euro', 0.00),
(252, 'Browsecat', 'Koruna', 0.00),
(253, 'Jetpulse', 'Yuan Renmi', 0.00),
(254, 'Babbleopia', 'Real', 0.00),
(255, 'Vimbo', 'Franc', 0.00),
(256, 'Mynte', 'Dinar', 0.00),
(257, 'Photofeed', 'Euro', 0.00),
(258, 'Yotz', 'Yuan Renmi', 0.00),
(259, 'Trudeo', 'Rupiah', 0.00),
(260, 'Vidoo', 'Real', 0.00),
(261, 'Innotype', 'Somoni', 0.00),
(262, 'Tagtune', 'Real', 0.00),
(263, 'Zoombox', 'Sol', 0.00),
(264, 'Yakitri', 'Won', 0.00),
(265, 'Flashpoint', 'Dollar', 0.00),
(266, 'Kamba', 'Ringgit', 0.00),
(267, 'Rhynoodle', 'Rupiah', 0.00),
(268, 'Skivee', 'Krona', 0.00),
(269, 'Kimia', 'Ruble', 0.00),
(270, 'Devshare', 'Zloty', 0.00),
(271, 'Ntag', 'Euro', 0.00),
(272, 'Blogpad', 'Euro', 0.00),
(273, 'Ntags', 'Yuan Renmi', 0.00),
(274, 'Lazzy', 'Dollar', 0.00),
(275, 'Talane', 'Peso', 0.00),
(276, 'Abatz', 'Sol', 0.00),
(277, 'Camimbo', 'Yuan Renmi', 0.00),
(278, 'Jabbertype', 'Franc', 0.00),
(279, 'Rhycero', 'Yuan Renmi', 0.00),
(280, 'Oloo', 'Rupiah', 0.00),
(281, 'Jazzy', 'Yuan Renmi', 0.00),
(282, 'Oyoloo', 'Dollar', 0.00),
(283, 'Realmix', 'Yuan Renmi', 0.00),
(284, 'Latz', 'Yuan Renmi', 0.00),
(285, 'Realcube', 'Dollar', 0.00),
(286, 'Dynabox', 'Zloty', 0.00),
(287, 'Riffpath', 'Lek', 0.00),
(288, 'Babblestorm', 'Peso', 0.00),
(289, 'Thoughtmix', 'Won', 0.00),
(290, 'Nlounge', 'Yuan Renmi', 0.00),
(291, 'Skiba', 'Euro', 0.00),
(292, 'Twimbo', 'Rupiah', 0.00),
(293, 'Ntags', 'Peso', 0.00),
(294, 'Flashdog', 'Yuan Renmi', 0.00),
(295, 'Twimbo', 'Krona', 0.00),
(296, 'Linkbuzz', 'Yuan Renmi', 0.00),
(297, 'Meevee', 'Hryvnia', 0.00),
(298, 'Realbridge', 'Rupiah', 0.00),
(299, 'Zoomcast', 'Bolivar', 0.00),
(300, 'Voonder', 'Rupiah', 0.00);

-- --------------------------------------------------------

--
-- Struktura tabeli dla tabeli `user_info`
--

CREATE TABLE `user_info` (
  `USERID` int(11) NOT NULL,
  `PHONENUMBER` varchar(15) NOT NULL,
  `ADDRESS` varchar(255) NOT NULL,
  `COUNTRY` varchar(100) NOT NULL
) ENGINE=InnoDB DEFAULT CHARSET=utf8mb4 COLLATE=utf8mb4_general_ci;

--
-- Dumping data for table `user_info`
--

INSERT INTO `user_info` (`USERID`, `PHONENUMBER`, `ADDRESS`, `COUNTRY`) VALUES
(1, '895-319-1673', '16443 Waywood Terrace', 'China'),
(2, '390-326-2395', '3017 Hagan Court', 'Portugal'),
(3, '826-101-8972', '33 Ridge Oak Place', 'Ireland'),
(4, '840-294-8850', '7010 Troy Pass', 'China'),
(5, '490-318-2444', '5 Drewry Alley', 'Ukraine'),
(6, '502-724-5024', '6314 Muir Lane', 'China'),
(7, '547-207-7306', '02023 Loftsgordon Terrace', 'Russia'),
(8, '891-924-5998', '9710 Old Gate Terrace', 'China'),
(9, '580-327-5075', '977 Eagle Crest Avenue', 'Mexico'),
(10, '274-937-1385', '19662 Messerschmidt Circle', 'Uganda'),
(11, '143-652-9027', '1436 4th Way', 'China'),
(12, '223-819-2786', '54 Wayridge Avenue', 'China'),
(13, '645-683-3819', '6 Shoshone Avenue', 'Indonesia'),
(14, '642-713-3250', '8196 Hoard Junction', 'China'),
(15, '901-900-6400', '02680 Dapin Plaza', 'Poland'),
(16, '938-273-7386', '296 Straubel Alley', 'Poland'),
(17, '868-546-9206', '7246 Warbler Road', 'Chad'),
(18, '813-870-5893', '96327 Linden Center', 'China'),
(19, '614-651-3383', '804 Fisk Way', 'Tanzania'),
(20, '810-388-3050', '27263 Delaware Plaza', 'Indonesia'),
(21, '920-752-3913', '621 Hazelcrest Junction', 'Russia'),
(22, '816-375-0976', '86477 Hoard Court', 'Indonesia'),
(23, '578-385-4649', '8293 Longview Center', 'New Caledonia'),
(24, '524-580-7507', '90198 Express Drive', 'Greece'),
(25, '431-174-8655', '016 Thackeray Pass', 'Russia'),
(26, '206-187-9078', '33673 Cody Trail', 'Russia'),
(27, '898-201-2867', '04 Raven Way', 'France'),
(28, '632-470-3221', '6 7th Avenue', 'Russia'),
(29, '573-342-4285', '6594 Lillian Street', 'Russia'),
(30, '941-487-2163', '2703 Fordem Plaza', 'United States'),
(31, '299-258-1749', '4 Springs Avenue', 'Morocco'),
(32, '367-747-8737', '03 Stephen Pass', 'Sweden'),
(33, '851-908-0990', '912 Anniversary Circle', 'Canada'),
(34, '413-694-7916', '8998 Ridgeway Pass', 'Vietnam'),
(35, '980-657-9385', '290 Garrison Alley', 'Uruguay'),
(36, '701-677-3152', '5 Village Parkway', 'Indonesia'),
(37, '565-101-9760', '19460 Merrick Terrace', 'China'),
(38, '824-903-8173', '1864 Coleman Hill', 'Portugal'),
(39, '381-412-5854', '78 Dayton Road', 'Ukraine'),
(40, '832-304-8511', '1088 Columbus Street', 'France'),
(41, '945-138-2294', '7540 Fair Oaks Park', 'Russia'),
(42, '986-304-0785', '75734 Dennis Court', 'Philippines'),
(43, '300-765-1316', '54 Nova Pass', 'Russia'),
(44, '668-921-5053', '992 Buell Alley', 'Bosnia and Herzegovina'),
(45, '273-469-6402', '8374 Killdeer Drive', 'China'),
(46, '959-693-1938', '01579 Calypso Crossing', 'Indonesia'),
(47, '315-286-9336', '1 Boyd Terrace', 'Vietnam'),
(48, '841-761-6569', '13 Nancy Street', 'Bulgaria'),
(49, '831-818-2453', '2 Macpherson Center', 'France'),
(50, '955-712-2376', '87670 Hallows Hill', 'Indonesia'),
(51, '466-934-5988', '09482 Karstens Center', 'Bangladesh'),
(52, '153-919-4855', '23703 Melvin Way', 'Philippines'),
(53, '141-320-1425', '1488 Mayfield Point', 'Armenia'),
(54, '188-551-9105', '5 Orin Center', 'Nigeria'),
(55, '704-936-8777', '56608 Kenwood Plaza', 'Mauritius'),
(56, '613-943-7512', '1934 Petterle Circle', 'China'),
(57, '499-275-6260', '31592 Laurel Pass', 'Indonesia'),
(58, '745-887-3654', '9735 Wayridge Place', 'Philippines'),
(59, '523-974-9447', '01 Declaration Park', 'Paraguay'),
(60, '572-528-7712', '15 Ryan Pass', 'Sudan'),
(61, '710-840-4861', '5 Mitchell Avenue', 'China'),
(62, '385-956-4488', '31 Oakridge Hill', 'Brazil'),
(63, '260-732-0303', '9797 Basil Hill', 'Russia'),
(64, '365-512-4164', '4351 Daystar Court', 'Russia'),
(65, '758-165-5520', '73 Twin Pines Place', 'China'),
(66, '958-187-8654', '60375 Oneill Center', 'Armenia'),
(67, '422-521-5319', '031 Spaight Crossing', 'Kenya'),
(68, '286-359-9733', '780 Barby Way', 'Canada'),
(69, '290-145-1674', '3444 Lunder Circle', 'Argentina'),
(70, '858-580-1992', '781 Messerschmidt Lane', 'Portugal'),
(71, '311-844-7611', '5 Miller Junction', 'Indonesia'),
(72, '880-891-3173', '29713 Becker Plaza', 'Philippines'),
(73, '224-827-2411', '65628 Waywood Lane', 'Indonesia'),
(74, '408-260-8087', '03736 Helena Avenue', 'China'),
(75, '846-321-8028', '45 Dryden Crossing', 'Malaysia'),
(76, '340-932-2055', '2 Morrow Road', 'Kazakhstan'),
(77, '840-937-8571', '8761 Spaight Road', 'China'),
(78, '344-801-0087', '7789 Caliangt Park', 'Ukraine'),
(79, '101-134-1984', '015 Mitchell Parkway', 'China'),
(80, '971-987-9609', '6761 Fairfield Terrace', 'Indonesia'),
(81, '440-324-1887', '6033 Spaight Lane', 'New Zealand'),
(82, '552-505-8057', '4 Northfield Alley', 'Iran'),
(83, '563-333-1447', '20006 Doe Crossing Center', 'Indonesia'),
(84, '682-545-4851', '27 Brown Alley', 'China'),
(85, '183-769-5613', '4 Portage Street', 'China'),
(86, '607-609-1335', '4 Waubesa Point', 'Armenia'),
(87, '332-175-2376', '86268 Mccormick Drive', 'Czech Republic'),
(88, '664-919-1641', '547 Center Alley', 'Madagascar'),
(89, '474-490-1182', '8 Bobwhite Court', 'China'),
(90, '278-146-0781', '3 Novick Circle', 'Greece'),
(91, '641-678-6118', '470 Towne Terrace', 'Sierra Leone'),
(92, '862-243-1015', '97 Springview Junction', 'Paraguay'),
(93, '819-682-3142', '22446 Tennessee Way', 'Mexico'),
(94, '238-195-2438', '80 4th Trail', 'Pakistan'),
(95, '278-259-5664', '35 Vidon Street', 'Portugal'),
(96, '378-503-4830', '6 Donald Alley', 'Uzbekistan'),
(97, '858-813-3901', '22086 Green Ridge Crossing', 'Argentina'),
(98, '389-178-8118', '88 Vidon Point', 'Russia'),
(99, '457-920-6925', '9802 Commercial Avenue', 'France'),
(100, '266-939-9386', '16560 Veith Plaza', 'Philippines'),
(101, '697-189-5173', '1194 Loftsgordon Drive', 'China'),
(102, '529-975-6920', '966 Moulton Terrace', 'China'),
(103, '654-759-9853', '78490 Columbus Trail', 'China'),
(104, '481-187-2020', '4363 Memorial Street', 'Mexico'),
(105, '831-479-4876', '2 Amoth Terrace', 'Canada'),
(106, '518-616-6207', '941 Spaight Road', 'Mongolia'),
(107, '203-701-4490', '6086 Buena Vista Point', 'Indonesia'),
(108, '355-780-0872', '992 Cherokee Hill', 'Albania'),
(109, '197-528-8135', '66 Orin Place', 'China'),
(110, '642-752-9185', '81 Cardinal Park', 'Indonesia'),
(111, '372-381-4221', '375 Shopko Park', 'Czech Republic'),
(112, '203-966-4464', '3 Hanover Street', 'Bangladesh'),
(113, '296-272-7896', '8 Namekagon Road', 'Poland'),
(114, '795-313-0505', '670 Carioca Lane', 'Philippines'),
(115, '972-821-3193', '04 Esch Center', 'Sweden'),
(116, '811-602-7236', '47230 Forest Run Parkway', 'Cameroon'),
(117, '865-826-0365', '8 North Crossing', 'France'),
(118, '806-750-4664', '84969 Columbus Street', 'Brazil'),
(119, '936-986-2196', '42 Chinook Alley', 'Indonesia'),
(120, '373-620-1802', '16945 Reinke Alley', 'Philippines'),
(121, '959-408-6557', '733 Stone Corner Circle', 'Poland'),
(122, '127-229-2995', '8708 Butterfield Circle', 'Thailand'),
(123, '909-469-6419', '00339 Cambridge Place', 'Japan'),
(124, '580-794-1280', '17 Maple Wood Alley', 'Philippines'),
(125, '193-914-7330', '3 Superior Alley', 'Poland'),
(126, '332-836-2238', '199 Lien Circle', 'Bosnia and Herzegovina'),
(127, '477-292-0316', '94769 Arkansas Alley', 'Lithuania'),
(128, '951-175-2443', '856 Forest Alley', 'United Kingdom'),
(129, '942-273-2618', '58397 Welch Junction', 'Indonesia'),
(130, '813-871-4834', '8 Harper Terrace', 'Brazil'),
(131, '149-455-7063', '0635 Kingsford Court', 'Peru'),
(132, '567-103-4904', '2 Toban Crossing', 'Colombia'),
(133, '716-261-9917', '709 John Wall Alley', 'Croatia'),
(134, '751-747-3719', '3 Main Pass', 'Russia'),
(135, '133-258-6576', '755 Luster Trail', 'Senegal'),
(136, '563-481-8967', '040 Graedel Hill', 'France'),
(137, '618-177-6437', '69305 Cascade Hill', 'Japan'),
(138, '489-398-0192', '3030 Dorton Alley', 'Belize'),
(139, '755-712-1084', '5 Caliangt Place', 'Russia'),
(140, '442-595-1426', '4 Duke Hill', 'Madagascar'),
(141, '131-373-3038', '5804 Golden Leaf Park', 'France'),
(142, '169-555-8640', '9 Florence Terrace', 'Russia'),
(143, '377-682-9424', '6703 Donald Drive', 'Argentina'),
(144, '110-654-8356', '9 Dovetail Hill', 'China'),
(145, '860-255-7930', '1005 Tennessee Plaza', 'Burkina Faso'),
(146, '904-972-9714', '8412 Victoria Parkway', 'Denmark'),
(147, '458-873-9064', '3 Talmadge Parkway', 'Canada'),
(148, '300-114-4238', '166 Macpherson Plaza', 'Greece'),
(149, '686-248-4371', '9755 Corscot Way', 'Greece'),
(150, '458-388-6151', '7168 Buena Vista Trail', 'Nicaragua'),
(151, '586-532-7824', '6016 Daystar Drive', 'Brazil'),
(152, '533-835-1809', '86 Randy Plaza', 'Guinea'),
(153, '178-497-6726', '2832 Caliangt Lane', 'Argentina'),
(154, '626-580-4754', '923 3rd Alley', 'Albania'),
(155, '640-365-2307', '90029 Morrow Parkway', 'China'),
(156, '448-889-4419', '59264 Calypso Pass', 'Indonesia'),
(157, '226-146-9586', '69335 Springview Trail', 'Poland'),
(158, '511-620-6735', '4787 Sunfield Hill', 'Pakistan'),
(159, '557-884-1610', '73 Toban Park', 'Libya'),
(160, '209-664-9411', '46294 Darwin Point', 'Netherlands'),
(161, '813-168-8106', '58489 Florence Plaza', 'Ukraine'),
(162, '194-586-0383', '8 High Crossing Point', 'Bangladesh'),
(163, '320-802-2597', '359 Namekagon Terrace', 'China'),
(164, '355-641-3396', '94056 Ilene Drive', 'Brazil'),
(165, '208-358-2208', '7806 Reindahl Circle', 'China'),
(166, '274-799-7203', '1 Laurel Alley', 'Portugal'),
(167, '384-946-2911', '9 Bayside Place', 'Ecuador'),
(168, '141-379-8273', '7258 Vermont Avenue', 'Tanzania'),
(169, '681-524-9315', '35529 Ryan Court', 'Philippines'),
(170, '507-546-6065', '73890 Ridge Oak Trail', 'Lebanon'),
(171, '879-615-9304', '15 Browning Point', 'China'),
(172, '247-370-8039', '8 Everett Crossing', 'Morocco'),
(173, '847-888-9520', '8 Anthes Avenue', 'Russia'),
(174, '585-918-0272', '766 Boyd Avenue', 'Indonesia'),
(175, '931-335-9393', '3508 Sachtjen Plaza', 'Russia'),
(176, '696-816-7299', '8 Dexter Plaza', 'Madagascar'),
(177, '436-876-6729', '5 Elgar Place', 'China'),
(178, '342-762-8802', '6 Welch Circle', 'China'),
(179, '140-883-0896', '40 Corry Park', 'Japan'),
(180, '834-633-6951', '02585 Pine View Lane', 'Indonesia'),
(181, '807-839-0663', '287 Dunning Alley', 'France'),
(182, '579-699-1820', '2172 Butternut Pass', 'Iraq'),
(183, '367-375-6320', '5 Monterey Hill', 'Indonesia'),
(184, '814-887-2295', '0468 Buhler Road', 'China'),
(185, '588-315-0865', '8 Stoughton Avenue', 'China'),
(186, '107-347-9493', '96 Farragut Avenue', 'China'),
(187, '513-185-4709', '0 Novick Drive', 'Honduras'),
(188, '761-575-6327', '19663 Pleasure Street', 'China'),
(189, '434-123-1646', '205 Westend Drive', 'Thailand'),
(190, '475-915-0531', '6988 Bay Plaza', 'Greece'),
(191, '423-558-1205', '766 Morning Plaza', 'Democratic Republic of the Congo'),
(192, '480-874-4757', '211 Lotheville Way', 'Poland'),
(193, '291-721-6015', '6201 Springs Hill', 'Poland'),
(194, '735-180-8903', '71657 Canary Center', 'New Zealand'),
(195, '937-296-5345', '698 Farmco Road', 'Indonesia'),
(196, '905-362-9497', '5 Lighthouse Bay Pass', 'Philippines'),
(197, '296-904-3690', '12 Hoard Alley', 'Benin'),
(198, '602-229-9879', '7777 Nova Terrace', 'United States'),
(199, '625-679-3496', '463 Crownhardt Lane', 'Sweden'),
(200, '310-491-7545', '871 Forest Circle', 'Portugal'),
(201, '558-518-4897', '5 Reinke Crossing', 'China'),
(202, '327-687-6815', '6197 Crownhardt Pass', 'Indonesia'),
(203, '196-854-7502', '08423 Rowland Place', 'Ukraine'),
(204, '570-421-4311', '6 Vidon Lane', 'Brazil'),
(205, '404-220-8907', '3 Crest Line Parkway', 'China'),
(206, '164-785-2322', '665 Buena Vista Way', 'Poland'),
(207, '634-549-4557', '56 Superior Center', 'Belarus'),
(208, '264-828-2860', '8 Esch Trail', 'Nigeria'),
(209, '191-745-1126', '6852 Tomscot Junction', 'Brazil'),
(210, '529-933-2702', '7 Mosinee Trail', 'China'),
(211, '249-528-6903', '41802 Fair Oaks Court', 'Ukraine'),
(212, '726-862-6044', '570 Namekagon Place', 'Mongolia'),
(213, '353-656-1445', '02692 Atwood Point', 'Malawi'),
(214, '650-948-7304', '85 Moulton Center', 'Brazil'),
(215, '648-139-3554', '0820 Village Green Drive', 'Malaysia'),
(216, '265-465-3158', '415 Di Loreto Junction', 'China'),
(217, '177-273-6294', '44825 Gerald Street', 'China'),
(218, '510-883-3472', '02234 Kingsford Street', 'Kazakhstan'),
(219, '885-600-8094', '025 Ludington Road', 'Indonesia'),
(220, '122-846-6838', '2 Mccormick Avenue', 'Russia'),
(221, '831-699-1459', '579 Hayes Plaza', 'United States'),
(222, '595-182-5047', '847 Waubesa Junction', 'Indonesia'),
(223, '315-894-4976', '734 Loftsgordon Avenue', 'Brazil'),
(224, '638-604-4680', '3 Dryden Lane', 'Philippines'),
(225, '179-974-8390', '3755 Daystar Road', 'Poland'),
(226, '681-569-8562', '991 Blackbird Pass', 'Bhutan'),
(227, '954-550-6550', '41033 Vermont Road', 'Cyprus'),
(228, '501-506-0283', '46 Ridgeview Lane', 'Brazil'),
(229, '708-537-0389', '63 Beilfuss Alley', 'China'),
(230, '967-542-9152', '155 Magdeline Hill', 'China'),
(231, '909-960-5820', '371 Glendale Junction', 'South Africa'),
(232, '862-719-2489', '88691 Hoard Plaza', 'United States'),
(233, '413-140-7034', '91207 Dennis Plaza', 'Indonesia'),
(234, '561-162-9478', '1514 Hintze Drive', 'France'),
(235, '843-326-0061', '7 Florence Plaza', 'Italy'),
(236, '579-623-0838', '8059 Anhalt Road', 'Russia'),
(237, '225-100-6707', '8 Shelley Hill', 'Indonesia'),
(238, '800-688-3195', '57583 Maple Wood Road', 'Indonesia'),
(239, '375-109-4397', '3 Morning Street', 'Canada'),
(240, '165-570-4352', '79307 David Way', 'Zambia'),
(241, '382-239-0972', '11 Lerdahl Center', 'Ukraine'),
(242, '413-547-9042', '6 Dixon Center', 'Sierra Leone'),
(243, '465-604-5091', '46 Corry Circle', 'Ireland'),
(244, '870-223-8899', '09 Dryden Crossing', 'Bulgaria'),
(245, '868-453-9062', '87166 Calypso Junction', 'China'),
(246, '527-306-4372', '075 Moulton Pass', 'China'),
(247, '564-674-2224', '8 Buhler Avenue', 'China'),
(248, '508-879-8183', '257 Ridge Oak Court', 'Indonesia'),
(249, '301-348-3427', '514 Coolidge Junction', 'Uzbekistan'),
(250, '102-261-1365', '78479 Shoshone Court', 'Czech Republic'),
(251, '272-713-1322', '91 Twin Pines Crossing', 'Portugal'),
(252, '389-333-9990', '556 Leroy Circle', 'Brazil'),
(253, '919-537-3957', '63 Stoughton Hill', 'Bosnia and Herzegovina'),
(254, '281-857-4209', '171 Sheridan Park', 'United States'),
(255, '605-697-9533', '6 Granby Pass', 'Afghanistan'),
(256, '968-782-0591', '30779 Melody Street', 'Indonesia'),
(257, '881-559-6777', '607 Charing Cross Terrace', 'Colombia'),
(258, '277-804-5994', '74 Waywood Plaza', 'Philippines'),
(259, '509-709-1103', '80 Michigan Center', 'Japan'),
(260, '940-660-2299', '43299 Lake View Alley', 'Russia'),
(261, '571-705-9925', '57 Gateway Place', 'United States'),
(262, '164-379-1208', '6 Mccormick Park', 'Slovenia'),
(263, '172-455-2177', '38 Melvin Court', 'Japan'),
(264, '541-564-4244', '8 Red Cloud Park', 'Kazakhstan'),
(265, '419-134-4902', '18617 Shopko Pass', 'China'),
(266, '865-244-3613', '6 Sachtjen Road', 'United States'),
(267, '919-868-2714', '46097 Melrose Parkway', 'Costa Rica'),
(268, '464-454-5655', '48293 Bay Crossing', 'Bolivia'),
(269, '851-279-7457', '81409 Judy Way', 'France'),
(270, '131-985-4989', '1 Fordem Avenue', 'Israel'),
(271, '754-950-6752', '11 Dottie Court', 'China'),
(272, '711-734-7935', '56 Corscot Alley', 'China'),
(273, '280-269-0022', '93582 Gateway Point', 'China'),
(274, '321-718-2433', '38560 Northport Way', 'Ukraine'),
(275, '191-696-0405', '83 Meadow Ridge Drive', 'Peru'),
(276, '492-353-2534', '5 Northview Way', 'China'),
(277, '298-939-4679', '588 Farwell Terrace', 'Serbia'),
(278, '935-309-9755', '2359 Jenna Circle', 'Poland'),
(279, '203-778-1064', '0509 Corben Terrace', 'Indonesia'),
(280, '908-495-1259', '77 Rockefeller Junction', 'China'),
(281, '680-721-8717', '5078 Meadow Valley Trail', 'China'),
(282, '477-990-0246', '67882 Harper Crossing', 'China'),
(283, '184-447-3943', '48291 Barby Court', 'Uruguay'),
(284, '548-784-3122', '31173 Arrowood Trail', 'Kazakhstan'),
(285, '626-516-9651', '6557 Thierer Circle', 'United States'),
(286, '871-838-9540', '690 Chive Hill', 'Pakistan'),
(287, '226-145-4620', '558 Park Meadow Place', 'China'),
(288, '376-575-6737', '4 Meadow Ridge Center', 'Indonesia'),
(289, '307-769-6487', '1104 Susan Place', 'China'),
(290, '941-229-4410', '34084 Alpine Drive', 'United States'),
(291, '459-931-9319', '4 Messerschmidt Hill', 'Philippines'),
(292, '795-969-2238', '4736 Acker Way', 'Thailand'),
(293, '178-102-9267', '690 Spaight Road', 'Russia'),
(294, '472-798-2488', '27 Derek Point', 'Cuba'),
(295, '622-321-5711', '8 Twin Pines Street', 'China'),
(296, '232-478-9880', '7 Lakewood Gardens Circle', 'China'),
(297, '214-435-7975', '21 Green Ridge Terrace', 'China'),
(298, '429-367-1875', '0 Reinke Parkway', 'United Kingdom'),
(299, '274-764-0659', '14 Talmadge Way', 'Tanzania'),
(300, '422-222-4577', '8 Sutteridge Trail', 'Bolivia');

--
-- Indeksy dla zrzutów tabel
--

--
-- Indeksy dla tabeli `users`
--
ALTER TABLE `users`
  ADD PRIMARY KEY (`ID`),
  ADD UNIQUE KEY `EMAIL` (`EMAIL`);

--
-- Indeksy dla tabeli `user_cars`
--
ALTER TABLE `user_cars`
  ADD PRIMARY KEY (`USERID`,`CARVIN`);

--
-- Indeksy dla tabeli `user_company`
--
ALTER TABLE `user_company`
  ADD PRIMARY KEY (`USERID`);

--
-- Indeksy dla tabeli `user_info`
--
ALTER TABLE `user_info`
  ADD PRIMARY KEY (`USERID`);

--
-- AUTO_INCREMENT for dumped tables
--

--
-- AUTO_INCREMENT for table `users`
--
ALTER TABLE `users`
  MODIFY `ID` int(11) NOT NULL AUTO_INCREMENT, AUTO_INCREMENT=301;

--
-- Constraints for dumped tables
--

--
-- Constraints for table `user_cars`
--
ALTER TABLE `user_cars`
  ADD CONSTRAINT `user_cars_ibfk_1` FOREIGN KEY (`USERID`) REFERENCES `users` (`ID`) ON DELETE CASCADE;

--
-- Constraints for table `user_company`
--
ALTER TABLE `user_company`
  ADD CONSTRAINT `user_company_ibfk_1` FOREIGN KEY (`USERID`) REFERENCES `users` (`ID`) ON DELETE CASCADE;

--
-- Constraints for table `user_info`
--
ALTER TABLE `user_info`
  ADD CONSTRAINT `user_info_ibfk_1` FOREIGN KEY (`USERID`) REFERENCES `users` (`ID`) ON DELETE CASCADE;
COMMIT;

/*!40101 SET CHARACTER_SET_CLIENT=@OLD_CHARACTER_SET_CLIENT */;
/*!40101 SET CHARACTER_SET_RESULTS=@OLD_CHARACTER_SET_RESULTS */;
/*!40101 SET COLLATION_CONNECTION=@OLD_COLLATION_CONNECTION */;
